frame,timestamp,fps,objects,contact_type,contact_active,is_persisting,flickers_so_far,dynamic_radius
0,22:42:06.134,0.2,2,NO,0,0,0,78
1,22:42:06.335,5.0,2,NO,0,0,0,72
2,22:42:06.523,5.3,2,NO,0,0,0,72
3,22:42:06.607,11.9,2,NO,0,0,0,71
4,22:42:06.755,6.7,2,NO,0,0,0,71
5,22:42:06.848,10.7,2,NO,0,0,0,71
6,22:42:07.014,6.0,2,NO,0,0,0,71
7,22:42:07.128,8.8,2,NO,0,0,0,71
8,22:42:07.316,5.3,2,NO,0,0,0,71
9,22:42:07.406,11.1,2,NO,0,0,0,71
10,22:42:07.583,5.7,1,NO,0,0,0,71
11,22:42:07.690,9.3,1,NO,0,0,0,71
12,22:42:07.876,5.4,1,NO,0,0,0,70
13,22:42:07.965,11.2,1,NO,0,0,0,70
14,22:42:08.157,5.2,1,NO,0,0,0,70
15,22:42:08.256,10.2,1,NO,0,0,0,70
16,22:42:08.446,5.3,1,NO,0,0,0,70
17,22:42:08.552,9.4,1,NO,0,0,0,69
18,22:42:08.725,5.8,1,NO,0,0,0,69
19,22:42:08.843,8.5,1,NO,0,0,0,69
20,22:42:09.050,4.8,1,NO,0,0,0,69
21,22:42:09.131,12.5,1,NO,0,0,0,68
22,22:42:09.314,5.4,1,NO,0,0,0,68
23,22:42:09.446,7.6,1,NO,0,0,0,68
24,22:42:09.617,5.8,1,NO,0,0,0,67
25,22:42:09.719,9.9,1,NO,0,0,0,67
26,22:42:09.939,4.5,1,NO,0,0,0,66
27,22:42:10.024,11.7,1,NO,0,0,0,66
28,22:42:10.195,5.9,1,NO,0,0,0,66
29,22:42:10.314,8.4,1,NO,0,0,0,65
30,22:42:10.526,4.7,1,NO,0,0,0,65
31,22:42:10.624,10.1,1,NO,0,0,0,64
32,22:42:10.798,5.8,1,NO,0,0,0,64
33,22:42:10.900,9.8,1,NO,0,0,0,64
34,22:42:11.071,5.9,1,NO,0,0,0,63
35,22:42:11.179,9.2,1,NO,0,0,0,63
36,22:42:11.363,5.4,1,NO,0,0,0,63
37,22:42:11.470,9.4,1,NO,0,0,0,63
38,22:42:11.677,4.8,1,NO,0,0,0,62
39,22:42:11.807,7.8,1,NO,0,0,0,63
40,22:42:11.990,5.4,1,NO,0,0,0,62
41,22:42:12.100,9.1,1,NO,0,0,0,62
42,22:42:12.305,4.9,1,NO,0,0,0,61
43,22:42:12.405,10.0,1,NO,0,0,0,61
44,22:42:12.585,5.6,1,NO,0,0,0,61
45,22:42:12.707,8.2,1,NO,0,0,0,61
46,22:42:12.897,5.3,1,NO,0,0,0,61
47,22:42:13.016,8.3,1,NO,0,0,0,61
48,22:42:13.191,5.7,1,NO,0,0,0,61
49,22:42:13.289,10.1,1,NO,0,0,0,60
50,22:42:13.482,5.2,1,NO,0,0,0,60
51,22:42:13.604,8.2,1,NO,0,0,0,60
52,22:42:13.791,5.4,1,NO,0,0,0,60
53,22:42:13.894,9.7,1,NO,0,0,0,60
54,22:42:14.105,4.7,1,NO,0,0,0,59
55,22:42:14.204,10.1,1,NO,0,0,0,60
56,22:42:14.405,5.0,1,NO,0,0,0,60
57,22:42:14.502,10.3,1,NO,0,0,0,60
58,22:42:14.697,5.1,1,NO,0,0,0,60
59,22:42:14.806,9.2,1,NO,0,0,0,59
60,22:42:14.992,5.4,1,NO,0,0,0,59
61,22:42:15.060,14.4,1,NO,0,0,0,59
62,22:42:15.252,5.2,1,NO,0,0,0,59
63,22:42:15.361,9.3,1,NO,0,0,0,59
64,22:42:15.521,6.2,1,NO,0,0,0,59
65,22:42:15.610,11.3,1,NO,0,0,0,59
66,22:42:15.804,5.2,1,NO,0,0,0,59
67,22:42:15.902,10.2,1,NO,0,0,0,59
68,22:42:16.079,5.6,1,NO,0,0,0,59
69,22:42:16.204,8.0,1,NO,0,0,0,59
70,22:42:16.394,5.3,2,NO,0,0,0,59
71,22:42:16.476,12.1,2,NO,0,0,0,59
72,22:42:16.639,6.1,2,NO,0,0,0,59
73,22:42:16.755,8.7,2,NO,0,0,0,59
74,22:42:16.930,5.7,2,NO,0,0,0,59
75,22:42:17.042,8.9,2,NO,0,0,0,59
76,22:42:17.236,5.2,2,NO,0,0,0,58
77,22:42:17.348,8.9,2,NO,0,0,0,59
78,22:42:17.531,5.5,2,NO,0,0,0,59
79,22:42:17.634,9.7,2,NO,0,0,0,58
80,22:42:17.849,4.6,1,NO,0,0,0,58
81,22:42:17.960,9.0,1,NO,0,0,0,58
82,22:42:18.167,4.8,1,NO,0,0,0,58
83,22:42:18.275,9.3,1,NO,0,0,0,58
84,22:42:18.475,5.0,1,NO,0,0,0,58
85,22:42:18.591,8.6,1,NO,0,0,0,58
86,22:42:18.791,5.0,1,NO,0,0,0,58
87,22:42:18.861,14.3,1,NO,0,0,0,58
88,22:42:19.030,5.9,1,NO,0,0,0,57
89,22:42:19.153,8.1,1,NO,0,0,0,57
90,22:42:19.356,4.9,1,NO,0,0,0,57
91,22:42:19.480,8.0,1,NO,0,0,0,56
92,22:42:19.676,5.1,1,NO,0,0,0,56
93,22:42:19.809,7.5,1,NO,0,0,0,56
94,22:42:20.002,5.2,1,NO,0,0,0,55
95,22:42:20.111,9.2,1,NO,0,0,0,55
96,22:42:20.322,4.7,1,NO,0,0,0,55
97,22:42:20.435,8.8,1,NO,0,0,0,55
98,22:42:20.633,5.1,1,NO,0,0,0,56
99,22:42:20.731,10.2,1,NO,0,0,0,56
100,22:42:20.913,5.5,1,NO,0,0,0,56
101,22:42:21.069,6.4,1,NO,0,0,0,56
102,22:42:21.258,5.3,1,NO,0,0,0,55
103,22:42:21.364,9.4,1,NO,0,0,0,55
104,22:42:21.541,5.6,1,NO,0,0,0,56
105,22:42:21.668,7.9,1,NO,0,0,0,55
106,22:42:21.866,5.0,1,NO,0,0,0,55
107,22:42:21.984,8.5,1,NO,0,0,0,54
108,22:42:22.195,4.8,1,NO,0,0,0,53
109,22:42:22.314,8.4,1,NO,0,0,0,53
110,22:42:22.526,4.7,1,NO,0,0,0,52
111,22:42:22.595,14.4,1,NO,0,0,0,53
112,22:42:22.782,5.3,1,NO,0,0,0,53
113,22:42:22.903,8.3,1,NO,0,0,0,53
114,22:42:23.108,4.9,1,NO,0,0,0,53
115,22:42:23.219,9.1,1,NO,0,0,0,53
116,22:42:23.431,4.7,1,NO,0,0,0,53
117,22:42:23.547,8.6,1,NO,0,0,0,53
118,22:42:23.734,5.3,1,NO,0,0,0,52
119,22:42:23.880,6.8,1,NO,0,0,0,52
120,22:42:24.070,5.3,1,NO,0,0,0,52
121,22:42:24.176,9.5,1,NO,0,0,0,52
122,22:42:24.369,5.2,1,NO,0,0,0,52
123,22:42:24.432,15.9,1,NO,0,0,0,52
124,22:42:24.613,5.5,1,NO,0,0,0,51
125,22:42:24.716,9.8,1,NO,0,0,0,51
126,22:42:24.883,6.0,1,NO,0,0,0,51
127,22:42:25.001,8.5,1,NO,0,0,0,51
128,22:42:25.179,5.6,1,NO,0,0,0,51
129,22:42:25.261,12.3,1,NO,0,0,0,51
130,22:42:25.466,4.9,1,NO,0,0,0,51
131,22:42:25.555,11.3,1,NO,0,0,0,51
132,22:42:25.738,5.4,1,NO,0,0,0,51
133,22:42:25.848,9.2,1,NO,0,0,0,51
134,22:42:26.055,4.8,1,NO,0,0,0,50
135,22:42:26.174,8.5,1,NO,0,0,0,50
136,22:42:26.378,4.9,1,NO,0,0,0,50
137,22:42:26.483,9.5,1,NO,0,0,0,49
138,22:42:26.672,5.3,1,NO,0,0,0,49
139,22:42:26.794,8.3,1,NO,0,0,0,49
140,22:42:26.983,5.3,1,NO,0,0,0,49
141,22:42:27.075,10.9,1,NO,0,0,0,49
142,22:42:27.279,4.9,1,NO,0,0,0,49
143,22:42:27.386,9.3,1,NO,0,0,0,49
144,22:42:27.594,4.8,1,NO,0,0,0,49
145,22:42:27.688,10.7,1,NO,0,0,0,49
146,22:42:27.882,5.2,1,NO,0,0,0,49
147,22:42:27.984,9.8,1,NO,0,0,0,49
148,22:42:28.207,4.5,1,NO,0,0,0,49
149,22:42:28.294,11.5,1,NO,0,0,0,49
150,22:42:28.484,5.3,1,NO,0,0,0,49
151,22:42:28.599,8.7,1,NO,0,0,0,49
152,22:42:28.796,5.1,1,NO,0,0,0,49
153,22:42:28.911,8.7,1,NO,0,0,0,48
154,22:42:29.120,4.8,1,NO,0,0,0,49
155,22:42:29.239,8.4,1,NO,0,0,0,49
156,22:42:29.443,4.9,1,NO,0,0,0,48
157,22:42:29.533,11.2,1,NO,0,0,0,49
158,22:42:29.712,5.6,1,NO,0,0,0,49
159,22:42:29.812,9.9,1,NO,0,0,0,48
160,22:42:29.996,5.4,1,NO,0,0,0,48
161,22:42:30.101,9.5,1,NO,0,0,0,48
162,22:42:30.306,4.9,1,NO,0,0,0,48
163,22:42:30.438,7.6,1,NO,0,0,0,48
164,22:42:30.623,5.4,1,NO,0,0,0,48
165,22:42:30.710,11.5,1,NO,0,0,0,48
166,22:42:30.902,5.2,1,NO,0,0,0,48
167,22:42:31.031,7.8,1,NO,0,0,0,48
168,22:42:31.224,5.2,1,NO,0,0,0,48
169,22:42:31.378,6.5,1,NO,0,0,0,48
170,22:42:31.543,6.0,1,NO,0,0,0,48
171,22:42:31.654,9.0,1,NO,0,0,0,48
172,22:42:31.866,4.7,1,NO,0,0,0,48
173,22:42:31.944,12.7,1,NO,0,0,0,48
174,22:42:32.119,5.7,1,NO,0,0,0,48
175,22:42:32.218,10.1,1,NO,0,0,0,47
176,22:42:32.431,4.7,1,NO,0,0,0,47
177,22:42:32.527,10.4,1,NO,0,0,0,47
178,22:42:32.744,4.6,1,NO,0,0,0,47
179,22:42:32.850,9.4,1,NO,0,0,0,47
180,22:42:33.034,5.4,1,NO,0,0,0,47
181,22:42:33.111,13.0,1,NO,0,0,0,47
182,22:42:33.295,5.4,1,NO,0,0,0,47
183,22:42:33.405,9.1,1,NO,0,0,0,47
184,22:42:33.606,5.0,1,NO,0,0,0,47
185,22:42:33.737,7.7,1,NO,0,0,0,47
186,22:42:33.931,5.2,1,NO,0,0,0,47
187,22:42:34.050,8.3,1,NO,0,0,0,48
188,22:42:34.246,5.1,1,NO,0,0,0,48
189,22:42:34.360,8.8,1,NO,0,0,0,48
190,22:42:34.546,5.4,1,NO,0,0,0,48
191,22:42:34.648,9.9,1,NO,0,0,0,47
192,22:42:34.856,4.8,1,NO,0,0,0,47
193,22:42:34.972,8.7,1,NO,0,0,0,47
194,22:42:35.138,6.0,1,NO,0,0,0,47
195,22:42:35.215,13.2,1,NO,0,0,0,47
196,22:42:35.410,5.1,1,NO,0,0,0,47
197,22:42:35.511,10.0,1,NO,0,0,0,47
198,22:42:35.700,5.3,1,NO,0,0,0,47
199,22:42:35.831,7.7,1,NO,0,0,0,47
200,22:42:36.061,4.3,1,NO,0,0,0,47
201,22:42:36.160,10.0,1,NO,0,0,0,48
202,22:42:36.353,5.2,1,NO,0,0,0,48
203,22:42:36.433,12.5,1,NO,0,0,0,48
204,22:42:36.610,5.6,1,NO,0,0,0,48
205,22:42:36.718,9.3,1,NO,0,0,0,48
206,22:42:36.921,4.9,1,NO,0,0,0,48
207,22:42:37.030,9.2,1,NO,0,0,0,48
208,22:42:37.237,4.8,1,NO,0,0,0,47
209,22:42:37.340,9.7,1,NO,0,0,0,47
210,22:42:37.555,4.6,1,NO,0,0,0,47
211,22:42:37.677,8.2,1,NO,0,0,0,47
212,22:42:37.871,5.1,1,NO,0,0,0,47
213,22:42:37.979,9.3,1,NO,0,0,0,47
214,22:42:38.141,6.2,1,NO,0,0,0,47
215,22:42:38.267,7.9,1,NO,0,0,0,47
216,22:42:38.451,5.4,1,NO,0,0,0,47
217,22:42:38.556,9.5,1,NO,0,0,0,47
218,22:42:38.754,5.1,1,NO,0,0,0,47
219,22:42:38.871,8.5,1,NO,0,0,0,47
220,22:42:39.090,4.6,3,NO,0,0,0,47
221,22:42:39.187,10.4,3,NO,0,0,0,47
222,22:42:39.389,5.0,3,NO,0,0,0,47
223,22:42:39.482,10.7,3,NO,0,0,0,47
224,22:42:39.644,6.2,3,NO,0,0,0,47
225,22:42:39.753,9.2,3,NO,0,0,0,47
226,22:42:39.952,5.0,3,NO,0,0,0,47
227,22:42:40.064,8.9,3,NO,0,0,0,48
228,22:42:40.241,5.6,3,NO,0,0,0,48
229,22:42:40.330,11.4,3,NO,0,0,0,48
230,22:42:40.533,4.9,1,NO,0,0,0,48
231,22:42:40.604,14.1,1,NO,0,0,0,48
232,22:42:40.774,5.9,1,NO,0,0,0,48
233,22:42:40.887,8.8,1,NO,0,0,0,48
234,22:42:41.068,5.6,1,NO,0,0,0,48
235,22:42:41.187,8.4,1,NO,0,0,0,48
236,22:42:41.399,4.7,1,NO,0,0,0,48
237,22:42:41.473,13.4,1,NO,0,0,0,48
238,22:42:41.664,5.2,1,NO,0,0,0,48
239,22:42:41.788,8.0,1,NO,0,0,0,48
240,22:42:41.983,5.1,1,NO,0,0,0,48
241,22:42:42.092,9.2,1,NO,0,0,0,48
242,22:42:42.285,5.2,1,NO,0,0,0,48
243,22:42:42.379,10.6,1,NO,0,0,0,48
244,22:42:42.574,5.1,1,NO,0,0,0,48
245,22:42:42.683,9.1,1,NO,0,0,0,48
246,22:42:42.886,5.0,1,NO,0,0,0,48
247,22:42:43.011,8.0,1,NO,0,0,0,48
248,22:42:43.195,5.4,1,NO,0,0,0,47
249,22:42:43.317,8.2,1,NO,0,0,0,47
250,22:42:43.510,5.2,1,NO,0,0,0,48
251,22:42:43.598,11.3,1,NO,0,0,0,47
252,22:42:43.795,5.1,1,NO,0,0,0,47
253,22:42:43.891,10.3,1,NO,0,0,0,47
254,22:42:44.084,5.2,1,NO,0,0,0,47
255,22:42:44.175,11.0,1,NO,0,0,0,47
256,22:42:44.369,5.2,1,NO,0,0,0,47
257,22:42:44.475,9.4,1,NO,0,0,0,47
258,22:42:44.649,5.7,1,NO,0,0,0,47
259,22:42:44.751,9.9,1,NO,0,0,0,47
260,22:42:44.941,5.3,1,NO,0,0,0,47
261,22:42:45.043,9.8,1,NO,0,0,0,47
262,22:42:45.237,5.1,1,NO,0,0,0,48
263,22:42:45.334,10.4,1,NO,0,0,0,48
264,22:42:45.533,5.0,1,NO,0,0,0,48
265,22:42:45.635,9.9,1,NO,0,0,0,47
266,22:42:45.849,4.6,1,NO,0,0,0,48
267,22:42:45.963,8.8,1,NO,0,0,0,47
268,22:42:46.143,5.5,1,NO,0,0,0,47
269,22:42:46.226,12.1,1,NO,0,0,0,47
270,22:42:46.457,4.3,1,NO,0,0,0,47
271,22:42:46.587,7.8,1,NO,0,0,0,47
272,22:42:46.746,6.3,1,NO,0,0,0,47
273,22:42:46.833,11.6,1,NO,0,0,0,47
274,22:42:47.018,5.4,1,NO,0,0,0,47
275,22:42:47.147,7.7,1,NO,0,0,0,47
276,22:42:47.324,5.7,1,NO,0,0,0,47
277,22:42:47.418,10.6,1,NO,0,0,0,47
278,22:42:47.597,5.6,1,NO,0,0,0,48
279,22:42:47.698,9.9,1,NO,0,0,0,47
280,22:42:47.923,4.5,1,NO,0,0,0,47
281,22:42:48.023,9.9,1,NO,0,0,0,47
282,22:42:48.227,4.9,1,NO,0,0,0,48
283,22:42:48.356,7.9,1,NO,0,0,0,48
284,22:42:48.551,5.1,1,NO,0,0,0,48
285,22:42:48.653,9.8,1,NO,0,0,0,48
286,22:42:48.826,5.8,1,NO,0,0,0,48
287,22:42:48.951,8.0,1,NO,0,0,0,47
288,22:42:49.155,4.9,1,NO,0,0,0,47
289,22:42:49.262,9.4,1,NO,0,0,0,47
290,22:42:49.463,5.0,1,NO,0,0,0,47
291,22:42:49.575,9.0,1,NO,0,0,0,47
292,22:42:49.785,4.8,1,NO,0,0,0,47
293,22:42:49.861,13.2,1,NO,0,0,0,47
294,22:42:50.059,5.0,1,NO,0,0,0,47
295,22:42:50.193,7.5,1,NO,0,0,0,48
296,22:42:50.377,5.4,1,NO,0,0,0,48
297,22:42:50.492,8.7,1,NO,0,0,0,48
298,22:42:50.696,4.9,1,NO,0,0,0,48
299,22:42:50.812,8.6,1,NO,0,0,0,47
300,22:42:50.997,5.4,2,NO,0,0,0,48
301,22:42:51.085,11.4,2,NO,0,0,0,48
302,22:42:51.291,4.9,2,NO,0,0,0,48
303,22:42:51.413,8.2,2,NO,0,0,0,48
304,22:42:51.593,5.5,2,NO,0,0,0,48
305,22:42:51.677,11.9,2,NO,0,0,0,48
306,22:42:51.893,4.6,2,NO,0,0,0,48
307,22:42:52.005,8.9,2,NO,0,0,0,48
308,22:42:52.207,5.0,2,NO,0,0,0,49
309,22:42:52.314,9.3,2,NO,0,0,0,49
310,22:42:52.503,5.3,2,NO,0,0,0,49
311,22:42:52.601,10.2,2,NO,0,0,0,49
312,22:42:52.776,5.7,2,NO,0,0,0,49
313,22:42:52.879,9.7,2,NO,0,0,0,48
314,22:42:53.081,4.9,2,NO,0,0,0,48
315,22:42:53.207,7.9,2,NO,0,0,0,48
316,22:42:53.408,5.0,2,NO,0,0,0,48
317,22:42:53.526,8.6,2,NO,0,0,0,48
318,22:42:53.717,5.2,2,NO,0,0,0,48
319,22:42:53.814,10.4,2,NO,0,0,0,48
320,22:42:54.021,4.8,2,NO,0,0,0,48
321,22:42:54.114,10.6,2,NO,0,0,0,49
322,22:42:54.324,4.8,2,NO,0,0,0,49
323,22:42:54.430,9.4,2,NO,0,0,0,49
324,22:42:54.628,5.0,2,NO,0,0,0,49
325,22:42:54.708,12.4,2,NO,0,0,0,49
326,22:42:54.915,4.8,2,NO,0,0,0,49
327,22:42:55.034,8.4,2,NO,0,0,0,50
328,22:42:55.245,4.8,2,NO,0,0,0,50
329,22:42:55.347,9.7,2,NO,0,0,0,50
330,22:42:55.565,4.6,2,NO,0,0,0,51
331,22:42:55.645,12.6,2,NO,0,0,0,51
332,22:42:55.828,5.5,2,NO,0,0,0,52
333,22:42:55.950,8.2,2,NO,0,0,0,53
334,22:42:56.109,6.3,2,NO,0,0,0,53
335,22:42:56.192,11.9,2,NO,0,0,0,53
336,22:42:56.336,7.0,2,NO,0,0,0,54
337,22:42:56.423,11.5,2,NO,0,0,0,54
338,22:42:56.592,5.9,2,NO,0,0,0,55
339,22:42:56.686,10.6,2,NO,0,0,0,56
340,22:42:56.870,5.5,1,NO,0,0,0,56
341,22:42:56.986,8.6,1,NO,0,0,0,57
342,22:42:57.177,5.2,1,NO,0,0,0,57
343,22:42:57.262,11.8,1,NO,0,0,0,57
344,22:42:57.451,5.3,1,NO,0,0,0,58
345,22:42:57.550,10.0,1,NO,0,0,0,58
346,22:42:57.707,6.4,1,NO,0,0,0,58
347,22:42:57.810,9.7,1,NO,0,0,0,59
348,22:42:57.985,5.7,1,NO,0,0,0,60
349,22:42:58.069,11.8,1,NO,0,0,0,60
350,22:42:58.232,6.1,1,NO,0,0,0,60
351,22:42:58.334,9.9,1,NO,0,0,0,61
352,22:42:58.503,5.9,1,NO,0,0,0,61
353,22:42:58.603,10.0,1,NO,0,0,0,62
354,22:42:58.769,6.0,1,NO,0,0,0,62
355,22:42:58.893,8.0,1,NO,0,0,0,63
356,22:42:59.067,5.7,1,NO,0,0,0,63
357,22:42:59.144,13.2,1,NO,0,0,0,63
358,22:42:59.306,6.1,1,NO,0,0,0,63
359,22:42:59.374,14.7,1,NO,0,0,0,63
360,22:42:59.573,5.0,1,NO,0,0,0,64
361,22:42:59.632,16.9,1,NO,0,0,0,63
362,22:42:59.826,5.2,1,NO,0,0,0,63
363,22:42:59.909,12.0,1,NO,0,0,0,63
364,22:43:00.113,4.9,1,NO,0,0,0,63
365,22:43:00.221,9.3,1,NO,0,0,0,63
366,22:43:00.392,5.9,1,NO,0,0,0,63
367,22:43:00.503,9.0,1,NO,0,0,0,63
368,22:43:00.722,4.6,1,NO,0,0,0,63
369,22:43:00.831,9.1,1,NO,0,0,0,63
370,22:43:01.048,4.6,3,NO,0,0,0,63
371,22:43:01.134,11.8,3,NO,0,0,0,63
372,22:43:01.318,5.4,3,NO,0,0,0,63
373,22:43:01.410,10.8,3,NO,0,0,0,63
374,22:43:01.579,5.9,3,NO,0,0,0,63
375,22:43:01.683,9.6,3,NO,0,0,0,63
376,22:43:01.824,7.1,3,NO,0,0,0,63
377,22:43:01.930,9.4,3,NO,0,0,0,63
378,22:43:02.099,5.9,3,NO,0,0,0,63
379,22:43:02.185,11.6,3,NO,0,0,0,63
380,22:43:02.387,4.9,3,TOUCH,1,0,1,63
381,22:43:02.488,9.9,3,TOUCH,1,0,1,63
382,22:43:02.715,4.4,3,TOUCH,1,0,1,63
383,22:43:02.805,10.9,3,TOUCH,1,0,1,63
384,22:43:03.008,5.0,3,TOUCH,1,0,1,62
385,22:43:03.111,9.6,3,TOUCH,1,0,1,62
386,22:43:03.303,5.2,3,TOUCH,1,0,1,62
387,22:43:03.397,10.6,3,TOUCH,1,0,1,62
388,22:43:03.611,4.7,3,TOUCH,1,0,1,62
389,22:43:03.697,11.8,3,TOUCH,1,0,1,62
390,22:43:03.907,4.8,4,TOUCH,1,0,1,62
391,22:43:04.013,9.4,4,TOUCH,1,0,1,62
392,22:43:04.212,5.0,4,TOUCH,1,0,1,62
393,22:43:04.330,8.4,4,TOUCH,1,0,1,62
394,22:43:04.495,6.1,4,TOUCH,1,0,1,61
395,22:43:04.580,11.8,4,TOUCH,1,0,1,61
396,22:43:04.758,5.6,4,TOUCH,1,0,1,61
397,22:43:04.900,7.1,4,TOUCH,1,0,1,61
398,22:43:05.104,4.9,4,TOUCH,1,0,1,61
399,22:43:05.230,7.9,4,TOUCH,1,0,1,61
400,22:43:05.467,4.2,3,TOUCH,1,0,1,61
401,22:43:05.589,8.2,3,TOUCH,1,0,1,61
402,22:43:05.797,4.8,3,TOUCH,1,0,1,61
403,22:43:05.885,11.4,3,TOUCH,1,0,1,61
404,22:43:06.055,5.9,3,TOUCH,1,0,1,61
405,22:43:06.142,11.4,3,TOUCH,1,0,1,61
406,22:43:06.351,4.8,3,TOUCH,1,0,1,61
407,22:43:06.428,13.1,3,TOUCH,1,0,1,61
408,22:43:06.625,5.1,3,TOUCH,1,0,1,62
409,22:43:06.734,9.1,3,TOUCH,1,0,1,62
410,22:43:06.955,4.5,4,PERSIST,1,1,1,62
411,22:43:07.078,8.1,4,PERSIST,1,1,1,62
412,22:43:07.277,5.0,4,PERSIST,1,1,1,62
413,22:43:07.398,8.3,4,PERSIST,1,1,1,62
414,22:43:07.576,5.6,4,PERSIST,1,1,1,62
415,22:43:07.693,8.5,4,PERSIST,1,1,1,62
416,22:43:07.897,4.9,4,PERSIST,1,1,1,63
417,22:43:07.999,9.8,4,PERSIST,1,1,1,63
418,22:43:08.172,5.8,4,PERSIST,1,1,1,63
419,22:43:08.295,8.1,4,PERSIST,1,1,1,63
420,22:43:08.507,4.7,2,PERSIST,1,1,1,63
421,22:43:08.570,15.7,2,PERSIST,1,1,1,64
422,22:43:08.759,5.3,2,PERSIST,1,1,1,64
423,22:43:08.836,13.2,2,PERSIST,1,1,1,64
424,22:43:09.040,4.9,2,PERSIST,1,1,1,64
425,22:43:09.161,8.3,2,NO,0,0,2,64
426,22:43:09.374,4.7,2,NO,0,0,2,65
427,22:43:09.453,12.7,2,NO,0,0,2,65
428,22:43:09.606,6.5,2,NO,0,0,2,65
429,22:43:09.741,7.4,2,NO,0,0,2,65
430,22:43:09.918,5.6,2,NO,0,0,2,66
431,22:43:10.005,11.5,2,NO,0,0,2,66
432,22:43:10.167,6.2,2,NO,0,0,2,66
433,22:43:10.262,10.5,2,NO,0,0,2,66
434,22:43:10.459,5.1,2,NO,0,0,2,66
435,22:43:10.543,12.1,2,NO,0,0,2,67
436,22:43:10.686,6.9,2,NO,0,0,2,67
437,22:43:10.812,8.0,2,NO,0,0,2,67
438,22:43:10.999,5.3,2,NO,0,0,2,67
439,22:43:11.092,10.8,2,NO,0,0,2,67
440,22:43:11.309,4.6,1,TOUCH,1,0,3,67
441,22:43:11.402,10.7,1,TOUCH,1,0,3,67
442,22:43:11.590,5.3,1,TOUCH,1,0,3,67
443,22:43:11.676,11.7,1,TOUCH,1,0,3,67
444,22:43:11.889,4.7,1,TOUCH,1,0,3,67
445,22:43:11.999,9.1,1,TOUCH,1,0,3,67
446,22:43:12.196,5.1,1,TOUCH,1,0,3,68
447,22:43:12.282,11.7,1,TOUCH,1,0,3,68
448,22:43:12.465,5.4,1,TOUCH,1,0,3,68
449,22:43:12.580,8.8,1,TOUCH,1,0,3,68
450,22:43:12.768,5.3,1,PERSIST,1,1,3,68
451,22:43:12.897,7.7,1,PERSIST,1,1,3,68
452,22:43:13.084,5.3,1,PERSIST,1,1,3,68
453,22:43:13.196,9.0,1,PERSIST,1,1,3,68
454,22:43:13.401,4.9,1,PERSIST,1,1,3,68
455,22:43:13.468,14.8,1,PERSIST,1,1,3,68
456,22:43:13.626,6.3,1,PERSIST,1,1,3,68
457,22:43:13.722,10.5,1,PERSIST,1,1,3,68
458,22:43:13.930,4.8,1,PERSIST,1,1,3,68
459,22:43:14.032,9.8,1,PERSIST,1,1,3,68
460,22:43:14.218,5.4,2,PERSIST,1,1,3,68
461,22:43:14.312,10.5,2,PERSIST,1,1,3,68
462,22:43:14.512,5.0,2,PERSIST,1,1,3,68
463,22:43:14.610,10.2,2,PERSIST,1,1,3,68
464,22:43:14.771,6.2,2,PERSIST,1,1,3,69
465,22:43:14.873,9.9,2,NO,0,0,4,69
466,22:43:15.059,5.4,2,NO,0,0,4,68
467,22:43:15.130,14.0,2,NO,0,0,4,68
468,22:43:15.305,5.7,2,NO,0,0,4,69
469,22:43:15.375,14.3,2,NO,0,0,4,69
470,22:43:15.553,5.6,2,NO,0,0,4,69
471,22:43:15.678,8.0,2,NO,0,0,4,69
472,22:43:15.838,6.2,2,NO,0,0,4,69
473,22:43:15.920,12.2,2,NO,0,0,4,69
474,22:43:16.118,5.1,2,NO,0,0,4,69
475,22:43:16.206,11.4,2,NO,0,0,4,68
476,22:43:16.420,4.7,2,NO,0,0,4,68
477,22:43:16.549,7.8,2,NO,0,0,4,68
478,22:43:16.777,4.4,2,NO,0,0,4,68
479,22:43:16.879,9.8,2,NO,0,0,4,68
480,22:43:17.060,5.5,3,TOUCH,1,0,5,68
481,22:43:17.159,10.1,3,TOUCH,1,0,5,68
482,22:43:17.326,6.0,3,TOUCH,1,0,5,67
483,22:43:17.440,8.8,3,TOUCH,1,0,5,67
484,22:43:17.632,5.2,3,TOUCH,1,0,5,67
485,22:43:17.744,8.9,3,TOUCH,1,0,5,67
486,22:43:17.949,4.9,3,TOUCH,1,0,5,67
487,22:43:18.015,15.0,3,TOUCH,1,0,5,67
488,22:43:18.184,5.9,3,TOUCH,1,0,5,67
489,22:43:18.296,9.0,3,TOUCH,1,0,5,66
490,22:43:18.507,4.7,1,PERSIST,1,1,5,66
491,22:43:18.605,10.1,1,PERSIST,1,1,5,66
492,22:43:18.817,4.7,1,PERSIST,1,1,5,66
493,22:43:18.853,28.2,1,PERSIST,1,1,5,66
494,22:43:18.969,8.6,1,PERSIST,1,1,5,66
495,22:43:19.011,23.9,1,PERSIST,1,1,5,66
496,22:43:19.142,7.6,1,PERSIST,1,1,5,66
497,22:43:19.179,26.9,1,PERSIST,1,1,5,65
498,22:43:19.286,9.3,1,PERSIST,1,1,5,65
499,22:43:19.320,28.9,1,PERSIST,1,1,5,65
500,22:43:19.438,8.6,1,PERSIST,1,1,5,65
501,22:43:19.476,25.7,1,PERSIST,1,1,5,65
502,22:43:19.574,10.3,1,PERSIST,1,1,5,65
503,22:43:19.628,18.5,1,PERSIST,1,1,5,65
504,22:43:19.735,9.3,1,PERSIST,1,1,5,65
505,22:43:19.774,25.9,1,NO,0,0,6,65
506,22:43:19.887,8.8,1,NO,0,0,6,65
507,22:43:19.921,29.1,1,NO,0,0,6,65
508,22:43:20.018,10.4,1,NO,0,0,6,66
509,22:43:20.047,33.7,1,NO,0,0,6,66
510,22:43:20.155,9.3,2,NO,0,0,6,66
511,22:43:20.186,32.3,2,NO,0,0,6,67
512,22:43:20.279,10.7,2,NO,0,0,6,68
513,22:43:20.310,32.1,2,NO,0,0,6,69
514,22:43:20.431,8.3,2,NO,0,0,6,69
515,22:43:20.465,29.5,2,NO,0,0,6,70
516,22:43:20.569,9.7,2,NO,0,0,6,70
517,22:43:20.617,20.7,2,NO,0,0,6,70
518,22:43:20.722,9.5,2,NO,0,0,6,71
519,22:43:20.768,21.7,2,NO,0,0,6,72
520,22:43:20.897,7.8,2,NO,0,0,6,72
521,22:43:20.939,23.8,2,NO,0,0,6,72
522,22:43:21.031,10.9,2,NO,0,0,6,72
523,22:43:21.059,36.6,2,NO,0,0,6,72
524,22:43:21.149,11.0,2,NO,0,0,6,72
525,22:43:21.181,31.4,2,NO,0,0,6,72
526,22:43:21.274,10.7,2,NO,0,0,6,72
527,22:43:21.307,30.3,2,NO,0,0,6,72
528,22:43:21.400,10.7,2,NO,0,0,6,72
529,22:43:21.440,25.3,2,NO,0,0,6,72
530,22:43:21.559,8.4,2,TOUCH,1,0,7,72
531,22:43:21.593,29.4,2,TOUCH,1,0,7,73
532,22:43:21.687,10.7,2,TOUCH,1,0,7,73
533,22:43:21.740,18.9,2,TOUCH,1,0,7,73
534,22:43:21.842,9.7,2,TOUCH,1,0,7,73
535,22:43:21.889,21.8,2,TOUCH,1,0,7,73
536,22:43:22.003,8.7,2,TOUCH,1,0,7,73
537,22:43:22.043,25.0,2,TOUCH,1,0,7,72
538,22:43:22.133,11.0,2,TOUCH,1,0,7,73
539,22:43:22.165,31.8,2,TOUCH,1,0,7,73
540,22:43:22.267,9.9,0,PERSIST,1,1,7,75
541,22:43:22.309,23.3,0,PERSIST,1,1,7,79
542,22:43:22.421,8.9,0,PERSIST,1,1,7,81
543,22:43:22.468,21.6,0,PERSIST,1,1,7,81
544,22:43:22.579,9.1,0,PERSIST,1,1,7,81
545,22:43:22.627,20.2,0,PERSIST,1,1,7,81
546,22:43:22.732,9.6,0,PERSIST,1,1,7,81
547,22:43:22.779,21.5,0,PERSIST,1,1,7,80
548,22:43:22.867,11.3,0,PERSIST,1,1,7,80
549,22:43:22.905,26.3,0,PERSIST,1,1,7,80
550,22:43:23.030,8.0,4,GRIP,1,0,7,81
551,22:43:23.079,20.5,4,GRIP,1,0,7,81
552,22:43:23.172,10.8,4,GRIP,1,0,7,81
553,22:43:23.230,17.3,4,GRIP,1,0,7,81
554,22:43:23.327,10.3,4,GRIP,1,0,7,81
555,22:43:23.378,19.2,4,GRIP,1,0,7,81
556,22:43:23.479,9.9,4,GRIP,1,0,7,81
557,22:43:23.511,31.5,4,GRIP,1,0,7,81
558,22:43:23.598,11.6,4,GRIP,1,0,7,81
559,22:43:23.634,26.8,4,GRIP,1,0,7,81
560,22:43:23.738,9.7,3,GRIP,1,0,7,80
561,22:43:23.774,27.5,3,GRIP,1,0,7,80
562,22:43:23.888,8.8,3,GRIP,1,0,7,80
563,22:43:23.940,19.1,3,GRIP,1,0,7,80
564,22:43:24.045,9.5,3,GRIP,1,0,7,79
565,22:43:24.098,18.7,3,GRIP,1,0,7,79
566,22:43:24.198,10.0,3,GRIP,1,0,7,79
567,22:43:24.229,32.5,3,GRIP,1,0,7,79
568,22:43:24.321,10.8,3,GRIP,1,0,7,79
569,22:43:24.356,28.1,3,GRIP,1,0,7,79
570,22:43:24.478,8.2,3,GRIP,1,0,7,79
571,22:43:24.521,23.3,3,GRIP,1,0,7,79
572,22:43:24.626,9.6,3,GRIP,1,0,7,79
573,22:43:24.682,17.8,3,GRIP,1,0,7,79
574,22:43:24.791,9.2,3,GRIP,1,0,7,78
575,22:43:24.838,21.2,3,GRIP,1,0,7,78
576,22:43:24.941,9.7,3,GRIP,1,0,7,78
577,22:43:24.990,20.6,3,GRIP,1,0,7,78
578,22:43:25.107,8.5,3,GRIP,1,0,7,78
579,22:43:25.147,25.1,3,GRIP,1,0,7,78
580,22:43:25.271,8.0,2,GRIP,1,0,7,77
581,22:43:25.313,24.0,2,GRIP,1,0,7,77
582,22:43:25.407,10.6,2,GRIP,1,0,7,77
583,22:43:25.452,22.2,2,GRIP,1,0,7,77
584,22:43:25.557,9.6,2,GRIP,1,0,7,77
585,22:43:25.594,27.1,2,GRIP,1,0,7,77
586,22:43:25.710,8.6,2,GRIP,1,0,7,77
587,22:43:25.754,22.7,2,GRIP,1,0,7,77
588,22:43:25.869,8.7,2,GRIP,1,0,7,77
589,22:43:25.915,21.4,2,GRIP,1,0,7,77
590,22:43:26.036,8.3,3,GRIP,1,0,7,77
591,22:43:26.077,24.3,3,GRIP,1,0,7,77
592,22:43:26.168,11.0,3,GRIP,1,0,7,77
593,22:43:26.202,29.3,3,GRIP,1,0,7,77
594,22:43:26.299,10.4,3,GRIP,1,0,7,76
595,22:43:26.345,21.7,3,GRIP,1,0,7,76
596,22:43:26.446,9.9,3,GRIP,1,0,7,76
597,22:43:26.481,28.8,3,GRIP,1,0,7,76
598,22:43:26.564,12.1,3,GRIP,1,0,7,76
599,22:43:26.614,19.6,3,GRIP,1,0,7,76
600,22:43:26.727,8.9,2,GRIP,1,0,7,76
601,22:43:26.765,26.3,2,GRIP,1,0,7,75
602,22:43:26.845,12.6,2,TOUCH,1,0,7,75
603,22:43:26.874,33.7,2,TOUCH,1,0,7,75
604,22:43:26.963,11.2,2,GRIP,1,0,7,75
605,22:43:27.012,20.7,2,GRIP,1,0,7,75
606,22:43:27.102,11.1,2,GRIP,1,0,7,75
607,22:43:27.138,27.0,2,TOUCH,1,0,7,75
608,22:43:27.219,12.4,2,TOUCH,1,0,7,75
609,22:43:27.250,32.0,2,TOUCH,1,0,7,75
610,22:43:27.350,10.0,1,PERSIST,1,1,7,75
611,22:43:27.400,19.9,1,PERSIST,1,1,7,75
612,22:43:27.499,10.1,1,PERSIST,1,1,7,75
613,22:43:27.537,26.1,1,PERSIST,1,1,7,75
614,22:43:27.635,10.3,1,PERSIST,1,1,7,75
615,22:43:27.677,23.4,1,PERSIST,1,1,7,75
616,22:43:27.776,10.1,1,PERSIST,1,1,7,75
617,22:43:27.813,26.8,1,PERSIST,1,1,7,75
618,22:43:27.904,11.1,1,PERSIST,1,1,7,74
619,22:43:27.942,26.4,1,PERSIST,1,1,7,74
620,22:43:28.056,8.7,3,GRIP,1,0,7,74
621,22:43:28.099,23.4,3,GRIP,1,0,7,74
622,22:43:28.202,9.7,3,GRIP,1,0,7,74
623,22:43:28.234,29.9,3,GRIP,1,0,7,74
624,22:43:28.352,8.5,3,GRIP,1,0,7,73
625,22:43:28.394,24.2,3,GRIP,1,0,7,72
626,22:43:28.495,9.9,3,GRIP,1,0,7,72
627,22:43:28.530,28.5,3,GRIP,1,0,7,70
628,22:43:28.624,10.6,3,GRIP,1,0,7,68
629,22:43:28.673,20.6,3,GRIP,1,0,7,67
630,22:43:28.797,8.1,2,TOUCH,1,0,7,67
631,22:43:28.843,21.8,2,TOUCH,1,0,7,67
632,22:43:28.955,8.9,2,TOUCH,1,0,7,67
633,22:43:29.007,19.3,2,TOUCH,1,0,7,67
634,22:43:29.109,9.9,2,TOUCH,1,0,7,66
635,22:43:29.150,23.9,2,TOUCH,1,0,7,66
636,22:43:29.241,11.0,2,TOUCH,1,0,7,66
637,22:43:29.285,22.9,2,TOUCH,1,0,7,66
638,22:43:29.385,10.0,2,TOUCH,1,0,7,67
639,22:43:29.423,26.4,2,TOUCH,1,0,7,67
640,22:43:29.526,9.7,1,PERSIST,1,1,7,66
641,22:43:29.564,26.8,1,PERSIST,1,1,7,66
642,22:43:29.663,10.0,1,PERSIST,1,1,7,66
643,22:43:29.709,21.5,1,PERSIST,1,1,7,66
644,22:43:29.810,10.0,1,PERSIST,1,1,7,66
645,22:43:29.853,23.3,1,PERSIST,1,1,7,66
646,22:43:29.949,10.4,1,PERSIST,1,1,7,66
647,22:43:29.984,29.2,1,PERSIST,1,1,7,66
648,22:43:30.065,12.3,1,PERSIST,1,1,7,66
649,22:43:30.115,19.8,1,PERSIST,1,1,7,66
650,22:43:30.235,8.4,2,GRIP,1,0,7,66
651,22:43:30.268,31.0,2,GRIP,1,0,7,66
652,22:43:30.350,12.1,2,GRIP,1,0,7,66
653,22:43:30.398,20.6,2,GRIP,1,0,7,66
654,22:43:30.498,10.0,2,GRIP,1,0,7,68
655,22:43:30.536,26.1,2,GRIP,1,0,7,66
656,22:43:30.640,9.6,2,TOUCH,1,0,7,66
657,22:43:30.696,17.7,2,TOUCH,1,0,7,66
658,22:43:30.789,10.8,2,PERSIST,1,1,7,65
659,22:43:30.832,23.2,2,PERSIST,1,1,7,65
660,22:43:30.941,9.2,2,GRIP,1,0,7,65
661,22:43:30.990,20.6,2,GRIP,1,0,7,62
662,22:43:31.088,10.2,2,GRIP,1,0,7,62
663,22:43:31.122,29.6,2,GRIP,1,0,7,60
664,22:43:31.210,11.2,2,GRIP,1,0,7,60
665,22:43:31.246,27.8,2,GRIP,1,0,7,61
666,22:43:31.338,10.8,2,GRIP,1,0,7,60
667,22:43:31.367,34.6,2,GRIP,1,0,7,60
668,22:43:31.461,10.7,2,GRIP,1,0,7,60
669,22:43:31.506,22.5,2,GRIP,1,0,7,60
670,22:43:31.621,8.6,2,GRIP,1,0,7,60
671,22:43:31.653,31.3,2,GRIP,1,0,7,60
672,22:43:31.741,11.5,2,GRIP,1,0,7,60
673,22:43:31.776,28.7,2,GRIP,1,0,7,60
674,22:43:31.863,11.5,2,GRIP,1,0,7,62
675,22:43:31.904,24.2,2,GRIP,1,0,7,64
676,22:43:32.011,9.3,2,GRIP,1,0,7,66
677,22:43:32.043,32.5,2,GRIP,1,0,7,70
678,22:43:32.129,11.6,2,GRIP,1,0,7,69
679,22:43:32.179,19.9,2,GRIP,1,0,7,69
680,22:43:32.301,8.2,1,PERSIST,1,1,7,70
681,22:43:32.344,23.5,1,PERSIST,1,1,7,71
682,22:43:32.430,11.6,1,PERSIST,1,1,7,72
683,22:43:32.479,20.4,1,PERSIST,1,1,7,73
684,22:43:32.577,10.2,1,PERSIST,1,1,7,74
685,22:43:32.609,30.9,1,PERSIST,1,1,7,74
686,22:43:32.696,11.5,1,PERSIST,1,1,7,74
687,22:43:32.741,22.1,1,PERSIST,1,1,7,75
688,22:43:32.838,10.3,1,PERSIST,1,1,7,74
689,22:43:32.880,24.2,1,PERSIST,1,1,7,75
690,22:43:32.971,11.0,2,GRIP,1,0,7,75
691,22:43:33.004,30.0,2,GRIP,1,0,7,76
692,22:43:33.110,9.4,2,GRIP,1,0,7,76
693,22:43:33.146,28.0,2,GRIP,1,0,7,76
694,22:43:33.248,9.9,2,GRIP,1,0,7,76
695,22:43:33.283,28.8,2,GRIP,1,0,7,75
696,22:43:33.361,12.6,2,GRIP,1,0,7,74
697,22:43:33.392,32.0,2,GRIP,1,0,7,72
698,22:43:33.482,11.2,2,GRIP,1,0,7,72
699,22:43:33.529,21.4,2,GRIP,1,0,7,71
700,22:43:33.635,9.4,3,GRIP,1,0,7,71
701,22:43:33.688,19.0,3,GRIP,1,0,7,72
702,22:43:33.777,11.3,3,GRIP,1,0,7,73
703,22:43:33.819,23.6,3,GRIP,1,0,7,75
704,22:43:33.897,12.8,3,PERSIST,1,1,7,60
705,22:43:33.948,19.3,3,PERSIST,1,1,7,87
706,22:43:34.050,9.8,3,PERSIST,1,1,7,87
707,22:43:34.092,24.0,3,PERSIST,1,1,7,87
708,22:43:34.183,11.1,3,PERSIST,1,1,7,88
709,22:43:34.238,18.2,3,GRIP,1,0,7,88
710,22:43:34.353,8.7,1,GRIP,1,0,7,89
711,22:43:34.402,20.5,1,GRIP,1,0,7,89
712,22:43:34.512,9.1,1,GRIP,1,0,7,89
713,22:43:34.551,25.2,1,GRIP,1,0,7,88
714,22:43:34.663,9.0,1,GRIP,1,0,7,87
715,22:43:34.715,19.1,1,GRIP,1,0,7,87
716,22:43:34.818,9.7,1,GRIP,1,0,7,85
717,22:43:34.847,35.6,1,GRIP,1,0,7,82
718,22:43:34.942,10.4,1,GRIP,1,0,7,80
719,22:43:34.994,19.1,1,GRIP,1,0,7,78
720,22:43:35.113,8.5,1,GRIP,1,0,7,75
721,22:43:35.142,33.6,1,GRIP,1,0,7,74
722,22:43:35.230,11.4,1,GRIP,1,0,7,74
723,22:43:35.270,25.1,1,GRIP,1,0,7,74
724,22:43:35.371,9.8,1,GRIP,1,0,7,74
725,22:43:35.414,23.2,1,GRIP,1,0,7,74
726,22:43:35.521,9.4,1,GRIP,1,0,7,74
727,22:43:35.573,19.5,1,GRIP,1,0,7,74
728,22:43:35.674,9.9,1,GRIP,1,0,7,75
729,22:43:35.707,30.2,1,GRIP,1,0,7,74
730,22:43:35.801,10.6,2,GRIP,1,0,7,74
731,22:43:35.834,31.0,2,GRIP,1,0,7,75
732,22:43:35.910,13.2,2,GRIP,1,0,7,75
733,22:43:35.948,26.7,2,GRIP,1,0,7,75
734,22:43:36.052,9.5,2,GRIP,1,0,7,75
735,22:43:36.093,24.2,2,GRIP,1,0,7,75
736,22:43:36.194,9.9,2,GRIP,1,0,7,76
737,22:43:36.227,30.0,2,GRIP,1,0,7,75
738,22:43:36.313,11.7,2,GRIP,1,0,7,74
739,22:43:36.353,24.9,2,GRIP,1,0,7,73
740,22:43:36.448,10.6,3,GRIP,1,0,7,69
741,22:43:36.478,33.1,3,GRIP,1,0,7,64
742,22:43:36.561,11.9,3,GRIP,1,0,7,63
743,22:43:36.611,20.2,3,GRIP,1,0,7,51
744,22:43:36.704,10.8,3,GRIP,1,0,7,50
745,22:43:36.743,25.4,3,GRIP,1,0,7,47
746,22:43:36.826,12.0,3,GRIP,1,0,7,48
747,22:43:36.874,21.2,3,GRIP,1,0,7,49
748,22:43:36.975,9.9,3,GRIP,1,0,7,48
749,22:43:37.015,25.3,3,GRIP,1,0,7,49
750,22:43:37.143,7.8,4,GRIP,1,0,7,47
751,22:43:37.193,20.0,4,GRIP,1,0,7,47
752,22:43:37.297,9.5,4,GRIP,1,0,7,39
753,22:43:37.338,24.5,4,GRIP,1,0,7,41
754,22:43:37.455,8.6,4,GRIP,1,0,7,42
755,22:43:37.493,25.7,4,GRIP,1,0,7,40
756,22:43:37.583,11.2,4,GRIP,1,0,7,41
757,22:43:37.623,24.8,4,GRIP,1,0,7,35
758,22:43:37.730,9.4,4,TOUCH,1,0,7,60
759,22:43:37.790,16.4,4,TOUCH,1,0,7,60
760,22:43:37.905,8.8,3,TOUCH,1,0,7,60
761,22:43:37.951,21.6,3,TOUCH,1,0,7,60
762,22:43:38.063,8.9,3,TOUCH,1,0,7,60
763,22:43:38.105,23.2,3,TOUCH,1,0,7,60
764,22:43:38.193,11.5,3,TOUCH,1,0,7,60
765,22:43:38.258,15.2,3,TOUCH,1,0,7,56
766,22:43:38.353,10.5,3,TOUCH,1,0,7,57
767,22:43:38.382,35.0,3,TOUCH,1,0,7,58
768,22:43:38.473,10.9,3,TOUCH,1,0,7,59
769,22:43:38.517,23.0,3,GRIP,1,0,7,62
770,22:43:38.632,8.7,2,PERSIST,1,1,7,65
771,22:43:38.663,32.6,2,PERSIST,1,1,7,67
772,22:43:38.752,11.2,2,PERSIST,1,1,7,69
773,22:43:38.794,24.1,2,PERSIST,1,1,7,70
774,22:43:38.894,10.0,2,PERSIST,1,1,7,73
775,22:43:38.929,29.2,2,PERSIST,1,1,7,75
776,22:43:39.020,10.9,2,PERSIST,1,1,7,77
777,22:43:39.064,22.4,2,PERSIST,1,1,7,76
778,22:43:39.162,10.3,2,PERSIST,1,1,7,75
779,22:43:39.202,24.9,2,PERSIST,1,1,7,75
780,22:43:39.315,8.8,1,PERSIST,1,1,7,73
781,22:43:39.353,27.1,1,PERSIST,1,1,7,63
782,22:43:39.443,11.1,1,PERSIST,1,1,7,59
783,22:43:39.478,29.1,1,PERSIST,1,1,7,56
784,22:43:39.558,12.3,1,PERSIST,1,1,7,56
785,22:43:39.614,17.8,1,NO,0,0,8,53
786,22:43:39.709,10.6,1,NO,0,0,8,54
787,22:43:39.746,26.5,1,NO,0,0,8,50
788,22:43:39.845,10.1,1,NO,0,0,8,49
789,22:43:39.893,21.0,1,NO,0,0,8,47
790,22:43:40.003,9.1,5,TOUCH,1,0,9,45
791,22:43:40.056,18.8,5,TOUCH,1,0,9,43
792,22:43:40.147,11.0,5,TOUCH,1,0,9,42
793,22:43:40.192,22.3,5,TOUCH,1,0,9,41
794,22:43:40.291,10.1,5,TOUCH,1,0,9,41
795,22:43:40.329,26.6,5,TOUCH,1,0,9,41
796,22:43:40.430,9.9,5,TOUCH,1,0,9,41
797,22:43:40.463,30.3,5,TOUCH,1,0,9,40
798,22:43:40.544,12.3,5,TOUCH,1,0,9,40
799,22:43:40.581,27.1,5,TOUCH,1,0,9,41
800,22:43:40.694,8.8,3,PERSIST,1,1,9,41
801,22:43:40.741,21.4,3,PERSIST,1,1,9,41
802,22:43:40.835,10.7,3,PERSIST,1,1,9,41
803,22:43:40.880,22.0,3,PERSIST,1,1,9,41
804,22:43:40.989,9.2,3,PERSIST,1,1,9,42
805,22:43:41.037,21.1,3,PERSIST,1,1,9,42
806,22:43:41.140,9.6,3,TOUCH,1,0,9,42
807,22:43:41.172,32.1,3,TOUCH,1,0,9,43
808,22:43:41.258,11.6,3,TOUCH,1,0,9,44
809,22:43:41.303,22.6,3,TOUCH,1,0,9,44
810,22:43:41.424,8.2,3,TOUCH,1,0,9,44
811,22:43:41.456,31.3,3,TOUCH,1,0,9,45
812,22:43:41.548,11.0,3,TOUCH,1,0,9,45
813,22:43:41.595,21.0,3,TOUCH,1,0,9,45
814,22:43:41.705,9.1,3,TOUCH,1,0,9,44
815,22:43:41.750,21.8,3,TOUCH,1,0,9,44
816,22:43:41.832,12.3,3,TOUCH,1,0,9,42
817,22:43:41.874,24.0,3,TOUCH,1,0,9,41
818,22:43:41.955,12.2,3,TOUCH,1,0,9,40
819,22:43:42.007,19.4,3,TOUCH,1,0,9,40
820,22:43:42.116,9.2,2,PERSIST,1,1,9,40
821,22:43:42.157,23.7,2,PERSIST,1,1,9,40
822,22:43:42.237,12.6,2,PERSIST,1,1,9,40
823,22:43:42.286,20.8,2,PERSIST,1,1,9,40
824,22:43:42.383,10.2,2,PERSIST,1,1,9,40
825,22:43:42.420,27.1,2,PERSIST,1,1,9,40
826,22:43:42.501,12.4,2,PERSIST,1,1,9,40
827,22:43:42.547,21.7,2,PERSIST,1,1,9,39
828,22:43:42.653,9.5,2,PERSIST,1,1,9,39
829,22:43:42.683,33.5,2,PERSIST,1,1,9,38
830,22:43:42.777,10.6,4,TOUCH,1,0,9,38
831,22:43:42.816,26.0,4,TOUCH,1,0,9,36
832,22:43:42.915,10.2,4,TOUCH,1,0,9,36
833,22:43:42.949,28.2,4,TOUCH,1,0,9,35
834,22:43:43.031,12.3,4,TOUCH,1,0,9,35
835,22:43:43.090,17.2,4,TOUCH,1,0,9,35
836,22:43:43.169,12.5,4,TOUCH,1,0,9,35
837,22:43:43.200,32.8,4,TOUCH,1,0,9,35
838,22:43:43.286,11.7,4,TOUCH,1,0,9,35
839,22:43:43.330,22.4,4,TOUCH,1,0,9,35
840,22:43:43.445,8.7,3,TOUCH,1,0,9,35
841,22:43:43.487,23.3,3,TOUCH,1,0,9,35
842,22:43:43.592,9.6,3,TOUCH,1,0,9,35
843,22:43:43.632,25.2,3,TOUCH,1,0,9,37
844,22:43:43.756,8.0,3,TOUCH,1,0,9,41
845,22:43:43.805,21.2,3,TOUCH,1,0,9,45
846,22:43:43.901,10.3,3,TOUCH,1,0,9,47
847,22:43:43.934,30.0,3,TOUCH,1,0,9,50
848,22:43:44.022,11.3,3,PERSIST,1,1,9,52
849,22:43:44.065,23.5,3,PERSIST,1,1,9,54
850,22:43:44.180,8.7,2,PERSIST,1,1,9,57
851,22:43:44.217,27.0,2,PERSIST,1,1,9,59
852,22:43:44.300,12.1,2,PERSIST,1,1,9,61
853,22:43:44.346,21.2,2,PERSIST,1,1,9,63
854,22:43:44.449,9.7,2,PERSIST,1,1,9,64
855,22:43:44.490,24.4,2,PERSIST,1,1,9,64
856,22:43:44.583,10.8,2,PERSIST,1,1,9,65
857,22:43:44.629,21.8,2,PERSIST,1,1,9,65
858,22:43:44.731,9.8,2,PERSIST,1,1,9,65
859,22:43:44.772,25.1,2,PERSIST,1,1,9,65
860,22:43:44.886,8.7,3,PERSIST,1,1,9,65
861,22:43:44.932,21.8,3,PERSIST,1,1,9,66
862,22:43:45.031,10.1,3,PERSIST,1,1,9,67
863,22:43:45.063,30.5,3,NO,0,0,10,68
864,22:43:45.151,11.4,3,TOUCH,1,0,11,69
865,22:43:45.190,25.5,3,TOUCH,1,0,11,70
866,22:43:45.275,11.8,3,TOUCH,1,0,11,71
867,22:43:45.319,22.5,3,TOUCH,1,0,11,71
868,22:43:45.418,10.1,3,TOUCH,1,0,11,73
869,22:43:45.454,27.7,3,TOUCH,1,0,11,73
870,22:43:45.550,10.4,2,TOUCH,1,0,11,75
871,22:43:45.597,21.4,2,TOUCH,1,0,11,76
872,22:43:45.703,9.4,2,TOUCH,1,0,11,76
873,22:43:45.738,28.3,2,TOUCH,1,0,11,78
874,22:43:45.819,12.4,2,TOUCH,1,0,11,78
875,22:43:45.861,23.9,2,TOUCH,1,0,11,78
876,22:43:45.967,9.4,2,TOUCH,1,0,11,79
877,22:43:46.002,28.7,2,TOUCH,1,0,11,78
878,22:43:46.110,9.3,2,TOUCH,1,0,11,78
879,22:43:46.161,19.5,2,TOUCH,1,0,11,79
880,22:43:46.276,8.7,3,TOUCH,1,0,11,79
881,22:43:46.310,29.3,3,TOUCH,1,0,11,80
882,22:43:46.400,11.1,3,TOUCH,1,0,11,80
883,22:43:46.430,33.4,3,TOUCH,1,0,11,79
884,22:43:46.521,11.0,3,TOUCH,1,0,11,79
885,22:43:46.559,26.0,3,TOUCH,1,0,11,79
886,22:43:46.647,11.3,3,TOUCH,1,0,11,79
887,22:43:46.684,27.2,3,TOUCH,1,0,11,79
888,22:43:46.763,12.8,3,TOUCH,1,0,11,79
889,22:43:46.794,32.1,3,TOUCH,1,0,11,79
890,22:43:46.893,10.1,2,TOUCH,1,0,11,79
891,22:43:46.941,20.8,2,TOUCH,1,0,11,79
892,22:43:47.046,9.5,2,TOUCH,1,0,11,80
893,22:43:47.072,39.2,2,TOUCH,1,0,11,81
894,22:43:47.165,10.7,2,TOUCH,1,0,11,81
895,22:43:47.199,28.9,2,TOUCH,1,0,11,80
896,22:43:47.284,11.7,2,TOUCH,1,0,11,74
897,22:43:47.327,23.8,2,TOUCH,1,0,11,70
898,22:43:47.414,11.4,2,GRIP,1,0,11,58
899,22:43:47.453,26.0,2,GRIP,1,0,11,58
900,22:43:47.568,8.6,2,PERSIST,1,1,11,58
901,22:43:47.608,25.6,2,PERSIST,1,1,11,56
902,22:43:47.711,9.6,2,PERSIST,1,1,11,57
903,22:43:47.749,27.0,2,PERSIST,1,1,11,58
904,22:43:47.855,9.4,2,PERSIST,1,1,11,56
905,22:43:47.888,30.2,2,PERSIST,1,1,11,55
906,22:43:47.978,11.2,2,PERSIST,1,1,11,55
907,22:43:48.015,26.6,2,PERSIST,1,1,11,55
908,22:43:48.117,9.8,2,PERSIST,1,1,11,54
909,22:43:48.153,27.7,2,PERSIST,1,1,11,54
910,22:43:48.246,10.8,2,GRIP,1,0,11,54
911,22:43:48.279,30.3,2,GRIP,1,0,11,51
912,22:43:48.360,12.3,2,GRIP,1,0,11,51
913,22:43:48.414,18.3,2,GRIP,1,0,11,50
914,22:43:48.509,10.5,2,GRIP,1,0,11,50
915,22:43:48.544,29.4,2,GRIP,1,0,11,50
916,22:43:48.632,11.2,2,GRIP,1,0,11,50
917,22:43:48.668,27.7,2,GRIP,1,0,11,49
918,22:43:48.748,12.7,2,GRIP,1,0,11,49
919,22:43:48.777,33.4,2,GRIP,1,0,11,50
920,22:43:48.874,10.3,4,GRIP,1,0,11,50
921,22:43:48.924,20.2,4,GRIP,1,0,11,50
922,22:43:49.021,10.3,4,GRIP,1,0,11,51
923,22:43:49.059,26.0,4,GRIP,1,0,11,51
924,22:43:49.168,9.3,4,GRIP,1,0,11,51
925,22:43:49.203,28.0,4,GRIP,1,0,11,53
926,22:43:49.304,9.9,4,GRIP,1,0,11,53
927,22:43:49.339,28.1,4,GRIP,1,0,11,54
928,22:43:49.421,12.4,4,GRIP,1,0,11,55
929,22:43:49.475,18.3,4,GRIP,1,0,11,55
930,22:43:49.577,9.8,3,GRIP,1,0,11,56
931,22:43:49.617,25.4,3,GRIP,1,0,11,55
932,22:43:49.698,12.2,3,GRIP,1,0,11,55
933,22:43:49.746,20.9,3,GRIP,1,0,11,56
934,22:43:49.846,10.0,3,GRIP,1,0,11,56
935,22:43:49.891,22.2,3,GRIP,1,0,11,56
936,22:43:49.990,10.0,3,GRIP,1,0,11,56
937,22:43:50.026,28.4,3,GRIP,1,0,11,56
938,22:43:50.108,12.2,3,GRIP,1,0,11,56
939,22:43:50.153,22.0,3,GRIP,1,0,11,56
940,22:43:50.265,8.9,4,GRIP,1,0,11,56
941,22:43:50.314,20.8,4,GRIP,1,0,11,56
942,22:43:50.416,9.8,4,GRIP,1,0,11,56
943,22:43:50.448,32.1,4,GRIP,1,0,11,57
944,22:43:50.539,10.9,4,GRIP,1,0,11,58
945,22:43:50.575,28.7,4,GRIP,1,0,11,59
946,22:43:50.675,9.9,4,GRIP,1,0,11,60
947,22:43:50.716,23.9,4,GRIP,1,0,11,61
948,22:43:50.827,9.1,4,GRIP,1,0,11,62
949,22:43:50.876,20.4,4,GRIP,1,0,11,66
950,22:43:50.997,8.3,2,GRIP,1,0,11,67
951,22:43:51.034,26.7,2,GRIP,1,0,11,68
952,22:43:51.142,9.3,2,GRIP,1,0,11,69
953,22:43:51.191,20.1,2,GRIP,1,0,11,72
954,22:43:51.302,9.0,2,GRIP,1,0,11,77
955,22:43:51.354,19.3,2,GRIP,1,0,11,81
956,22:43:51.461,9.4,2,GRIP,1,0,11,88
957,22:43:51.513,19.1,2,GRIP,1,0,11,94
958,22:43:51.615,9.8,2,GRIP,1,0,11,99
959,22:43:51.668,18.9,2,GRIP,1,0,11,101
960,22:43:51.787,8.4,2,GRIP,1,0,11,102
961,22:43:51.835,20.8,2,GRIP,1,0,11,103
962,22:43:51.946,9.0,2,GRIP,1,0,11,106
963,22:43:51.987,24.5,2,GRIP,1,0,11,106
964,22:43:52.100,8.8,2,GRIP,1,0,11,107
965,22:43:52.151,19.4,2,GRIP,1,0,11,107
966,22:43:52.260,9.2,2,TOUCH,1,0,11,108
967,22:43:52.297,27.2,2,TOUCH,1,0,11,110
968,22:43:52.407,9.0,2,TOUCH,1,0,11,112
969,22:43:52.457,20.4,2,TOUCH,1,0,11,112
970,22:43:52.578,8.2,3,TOUCH,1,0,11,110
971,22:43:52.606,36.3,3,TOUCH,1,0,11,110
972,22:43:52.698,10.9,3,TOUCH,1,0,11,108
973,22:43:52.745,21.1,3,TOUCH,1,0,11,110
974,22:43:52.845,10.1,3,TOUCH,1,0,11,108
975,22:43:52.893,20.2,3,TOUCH,1,0,11,108
976,22:43:52.996,9.7,3,TOUCH,1,0,11,107
977,22:43:53.027,32.9,3,TOUCH,1,0,11,110
978,22:43:53.114,11.6,3,TOUCH,1,0,11,108
979,22:43:53.167,19.0,3,TOUCH,1,0,11,109
980,22:43:53.264,10.2,2,GRIP,1,0,11,107
981,22:43:53.316,19.5,2,PERSIST,1,1,11,107
982,22:43:53.414,10.1,2,PERSIST,1,1,11,105
983,22:43:53.463,20.7,2,PERSIST,1,1,11,104
984,22:43:53.560,10.3,2,PERSIST,1,1,11,102
985,22:43:53.592,31.1,2,PERSIST,1,1,11,102
986,22:43:53.673,12.3,2,PERSIST,1,1,11,101
987,22:43:53.722,20.8,2,PERSIST,1,1,11,101
988,22:43:53.821,10.0,2,PERSIST,1,1,11,98
989,22:43:53.865,22.9,2,PERSIST,1,1,11,96
990,22:43:53.976,9.0,4,TOUCH,1,0,11,94
991,22:43:54.023,21.4,4,TOUCH,1,0,11,93
992,22:43:54.109,11.6,4,TOUCH,1,0,11,92
993,22:43:54.145,28.2,4,TOUCH,1,0,11,92
994,22:43:54.249,9.7,4,TOUCH,1,0,11,91
995,22:43:54.281,30.3,4,TOUCH,1,0,11,91
996,22:43:54.382,9.9,4,TOUCH,1,0,11,90
997,22:43:54.424,23.7,4,TOUCH,1,0,11,89
998,22:43:54.530,9.5,4,TOUCH,1,0,11,88
999,22:43:54.561,32.1,4,TOUCH,1,0,11,87
1000,22:43:54.657,10.4,1,PERSIST,1,1,11,89
1001,22:43:54.689,30.6,1,PERSIST,1,1,11,88
1002,22:43:54.792,9.7,1,PERSIST,1,1,11,88
1003,22:43:54.835,23.8,1,PERSIST,1,1,11,88
1004,22:43:54.941,9.3,1,PERSIST,1,1,11,87
1005,22:43:54.997,18.0,1,PERSIST,1,1,11,86
1006,22:43:55.103,9.4,1,PERSIST,1,1,11,87
1007,22:43:55.155,19.4,1,PERSIST,1,1,11,86
1008,22:43:55.259,9.6,1,PERSIST,1,1,11,86
1009,22:43:55.311,19.4,1,PERSIST,1,1,11,85
1010,22:43:55.427,8.6,1,PERSIST,1,1,11,85
1011,22:43:55.457,33.3,1,PERSIST,1,1,11,85
1012,22:43:55.550,10.8,1,PERSIST,1,1,11,85
1013,22:43:55.582,30.7,1,PERSIST,1,1,11,84
1014,22:43:55.675,10.7,1,PERSIST,1,1,11,84
1015,22:43:55.706,32.7,1,NO,0,0,12,84
1016,22:43:55.802,10.4,1,NO,0,0,12,78
1017,22:43:55.839,26.8,1,NO,0,0,12,78
1018,22:43:55.949,9.1,1,NO,0,0,12,78
1019,22:43:56.002,19.0,1,NO,0,0,12,71
1020,22:43:56.122,8.3,1,NO,0,0,12,72
1021,22:43:56.161,26.1,1,NO,0,0,12,73
1022,22:43:56.259,10.1,1,NO,0,0,12,74
1023,22:43:56.290,33.5,1,NO,0,0,12,74
1024,22:43:56.378,11.3,1,NO,0,0,12,75
1025,22:43:56.412,29.0,1,NO,0,0,12,75
1026,22:43:56.506,10.7,1,NO,0,0,12,76
1027,22:43:56.538,31.8,1,NO,0,0,12,77
1028,22:43:56.628,11.0,1,NO,0,0,12,77
1029,22:43:56.663,29.5,1,NO,0,0,12,77
1030,22:43:56.756,10.6,2,NO,0,0,12,78
1031,22:43:56.785,36.0,2,NO,0,0,12,78
1032,22:43:56.899,8.7,2,NO,0,0,12,78
1033,22:43:56.929,33.8,2,NO,0,0,12,79
1034,22:43:57.013,12.0,2,NO,0,0,12,79
1035,22:43:57.065,19.1,2,NO,0,0,12,79
1036,22:43:57.160,10.5,2,NO,0,0,12,79
1037,22:43:57.200,24.8,2,NO,0,0,12,79
1038,22:43:57.307,9.3,2,NO,0,0,12,79
1039,22:43:57.335,36.1,2,NO,0,0,12,79
1040,22:43:57.438,9.7,2,NO,0,0,12,79
1041,22:43:57.477,26.0,2,NO,0,0,12,79
1042,22:43:57.560,11.9,2,NO,0,0,12,79
1043,22:43:57.603,23.3,2,NO,0,0,12,78
1044,22:43:57.683,12.6,2,NO,0,0,12,78
1045,22:43:57.736,18.6,2,NO,0,0,12,78
1046,22:43:57.830,10.7,2,NO,0,0,12,78
1047,22:43:57.868,27.0,2,NO,0,0,12,78
1048,22:43:57.947,12.6,2,NO,0,0,12,77
1049,22:43:57.979,30.3,2,NO,0,0,12,77
1050,22:43:58.083,9.7,2,NO,0,0,12,77
1051,22:43:58.126,23.2,2,NO,0,0,12,77
1052,22:43:58.226,10.0,2,NO,0,0,12,76
1053,22:43:58.256,33.3,2,NO,0,0,12,76
1054,22:43:58.338,12.2,2,NO,0,0,12,75
1055,22:43:58.368,34.1,2,NO,0,0,12,75
1056,22:43:58.450,12.2,2,NO,0,0,12,75
1057,22:43:58.495,22.0,2,NO,0,0,12,74
1058,22:43:58.594,10.1,2,NO,0,0,12,74
1059,22:43:58.641,21.9,2,NO,0,0,12,73
1060,22:43:58.759,8.4,0,NO,0,0,12,73
1061,22:43:58.790,33.3,0,NO,0,0,12,72
1062,22:43:58.883,10.7,0,NO,0,0,12,72
1063,22:43:58.919,27.5,0,NO,0,0,12,72
1064,22:43:59.013,10.6,0,NO,0,0,12,71
1065,22:43:59.055,24.5,0,NO,0,0,12,71
1066,22:43:59.146,10.9,0,NO,0,0,12,70
1067,22:43:59.180,29.4,0,NO,0,0,12,70
1068,22:43:59.270,11.1,0,NO,0,0,12,69
1069,22:43:59.309,25.4,0,NO,0,0,12,69
1070,22:43:59.429,8.4,2,NO,0,0,12,69
1071,22:43:59.460,31.9,2,NO,0,0,12,68
1072,22:43:59.548,11.2,2,NO,0,0,12,68
1073,22:43:59.588,25.7,2,NO,0,0,12,67
1074,22:43:59.679,11.0,2,NO,0,0,12,67
1075,22:43:59.713,29.4,2,NO,0,0,12,66
1076,22:43:59.803,11.1,2,NO,0,0,12,66
1077,22:43:59.845,24.1,2,NO,0,0,12,66
1078,22:43:59.945,9.9,2,NO,0,0,12,66
1079,22:43:59.979,30.6,2,NO,0,0,12,65
1080,22:44:00.088,9.1,2,NO,0,0,12,65
1081,22:44:00.125,27.4,2,NO,0,0,12,65
1082,22:44:00.230,9.5,2,NO,0,0,12,64
1083,22:44:00.266,28.3,2,NO,0,0,12,64
1084,22:44:00.362,10.4,2,NO,0,0,12,64
1085,22:44:00.411,20.0,2,NO,0,0,12,63
1086,22:44:00.509,10.3,2,NO,0,0,12,63
1087,22:44:00.539,32.8,2,NO,0,0,12,63
1088,22:44:00.621,12.2,2,NO,0,0,12,63
1089,22:44:00.651,31.7,2,NO,0,0,12,63
1090,22:44:00.750,10.2,2,NO,0,0,12,62
1091,22:44:00.791,24.3,2,NO,0,0,12,62
1092,22:44:00.874,12.1,2,NO,0,0,12,62
1093,22:44:00.899,39.0,2,NO,0,0,12,62
1094,22:44:00.979,12.5,2,NO,0,0,12,62
1095,22:44:01.010,32.9,2,NO,0,0,12,62
1096,22:44:01.094,11.9,2,NO,0,0,12,62
1097,22:44:01.120,37.7,2,NO,0,0,12,62
1098,22:44:01.196,13.2,2,NO,0,0,12,62
1099,22:44:01.228,31.5,2,NO,0,0,12,62
1100,22:44:01.321,10.7,1,NO,0,0,12,62
1101,22:44:01.353,31.5,1,NO,0,0,12,62
1102,22:44:01.436,12.0,1,NO,0,0,12,62
1103,22:44:01.462,38.1,1,NO,0,0,12,62
1104,22:44:01.543,12.4,1,NO,0,0,12,61
1105,22:44:01.573,33.8,1,NO,0,0,12,61
1106,22:44:01.651,12.8,1,NO,0,0,12,62
1107,22:44:01.676,38.9,1,NO,0,0,12,62
1108,22:44:01.768,10.9,1,NO,0,0,12,62
1109,22:44:01.796,36.8,1,NO,0,0,12,61
1110,22:44:01.891,10.5,1,NO,0,0,12,61
1111,22:44:01.917,39.0,1,NO,0,0,12,61
1112,22:44:02.001,11.9,1,NO,0,0,12,61
1113,22:44:02.041,24.9,1,NO,0,0,12,61
1114,22:44:02.130,11.2,1,NO,0,0,12,62
1115,22:44:02.164,29.7,1,NO,0,0,12,62
1116,22:44:02.242,12.8,1,NO,0,0,12,62
1117,22:44:02.272,32.8,1,NO,0,0,12,61
1118,22:44:02.344,13.9,1,NO,0,0,12,61
1119,22:44:02.383,25.6,1,NO,0,0,12,61
1120,22:44:02.478,10.6,1,NO,0,0,12,62
1121,22:44:02.509,32.2,1,NO,0,0,12,61
1122,22:44:02.589,12.4,1,NO,0,0,12,62
1123,22:44:02.619,33.8,1,NO,0,0,12,61
1124,22:44:02.701,12.2,1,NO,0,0,12,62
1125,22:44:02.727,37.8,1,NO,0,0,12,62
1126,22:44:02.826,10.2,1,NO,0,0,12,62
1127,22:44:02.854,36.2,1,NO,0,0,12,62
1128,22:44:02.934,12.5,1,NO,0,0,12,62
1129,22:44:02.963,34.7,1,NO,0,0,12,62
1130,22:44:03.059,10.4,1,NO,0,0,12,62
1131,22:44:03.088,34.0,1,NO,0,0,12,62
1132,22:44:03.167,12.7,1,NO,0,0,12,62
1133,22:44:03.211,22.5,1,NO,0,0,12,62
1134,22:44:03.290,12.7,1,NO,0,0,12,62
1135,22:44:03.320,33.6,1,NO,0,0,12,62
1136,22:44:03.395,13.2,1,NO,0,0,12,62
1137,22:44:03.429,29.7,1,NO,0,0,12,62
1138,22:44:03.512,12.0,1,NO,0,0,12,62
1139,22:44:03.551,25.7,1,NO,0,0,12,62
1140,22:44:03.647,10.4,1,NO,0,0,12,62
1141,22:44:03.682,28.9,1,NO,0,0,12,62
1142,22:44:03.782,10.0,1,NO,0,0,12,62
1143,22:44:03.822,24.4,1,NO,0,0,12,62
1144,22:44:03.913,11.1,1,NO,0,0,12,62
1145,22:44:03.941,35.5,1,NO,0,0,12,62
1146,22:44:04.035,10.6,1,NO,0,0,12,62
1147,22:44:04.071,27.5,1,NO,0,0,12,62
1148,22:44:04.176,9.6,1,NO,0,0,12,62
1149,22:44:04.209,30.4,1,NO,0,0,12,62
1150,22:44:04.300,11.0,1,NO,0,0,12,62
1151,22:44:04.359,16.9,1,NO,0,0,12,62
1152,22:44:04.443,12.0,1,NO,0,0,12,62
1153,22:44:04.483,24.5,1,NO,0,0,12,62
1154,22:44:04.632,6.7,1,NO,0,0,12,62
1155,22:44:04.686,18.2,1,NO,0,0,12,62
1156,22:44:04.765,12.7,1,NO,0,0,12,62
1157,22:44:04.810,21.9,1,NO,0,0,12,62
1158,22:44:04.900,11.1,1,NO,0,0,12,62
1159,22:44:04.957,17.8,1,NO,0,0,12,62
1160,22:44:05.069,8.8,1,NO,0,0,12,62
1161,22:44:05.101,32.0,1,NO,0,0,12,62
1162,22:44:05.182,12.2,1,NO,0,0,12,62
1163,22:44:05.215,30.9,1,NO,0,0,12,62
1164,22:44:05.294,12.5,1,NO,0,0,12,62
1165,22:44:05.324,33.5,1,NO,0,0,12,62
1166,22:44:05.398,13.6,1,NO,0,0,12,62
1167,22:44:05.433,29.1,1,NO,0,0,12,62
1168,22:44:05.509,13.1,1,NO,0,0,12,62
1169,22:44:05.541,30.6,1,NO,0,0,12,62
1170,22:44:05.634,10.7,1,NO,0,0,12,62
1171,22:44:05.665,33.0,1,NO,0,0,12,62
1172,22:44:05.759,10.6,1,NO,0,0,12,62
1173,22:44:05.804,22.7,1,NO,0,0,12,62
1174,22:44:05.899,10.4,1,NO,0,0,12,62
1175,22:44:05.951,19.4,1,NO,0,0,12,62
1176,22:44:06.036,11.7,1,NO,0,0,12,62
1177,22:44:06.079,23.7,1,NO,0,0,12,62
1178,22:44:06.158,12.6,1,NO,0,0,12,62
1179,22:44:06.187,34.6,1,NO,0,0,12,62
1180,22:44:06.286,10.2,2,NO,0,0,12,62
1181,22:44:06.333,21.0,2,NO,0,0,12,62
1182,22:44:06.448,8.7,2,NO,0,0,12,62
1183,22:44:06.501,18.8,2,NO,0,0,12,62
1184,22:44:06.623,8.2,2,NO,0,0,12,62
1185,22:44:06.662,26.0,2,NO,0,0,12,62
1186,22:44:06.807,6.9,2,NO,0,0,12,62
1187,22:44:06.859,19.0,2,NO,0,0,12,62
1188,22:44:06.970,9.0,2,NO,0,0,12,62
1189,22:44:07.029,17.2,2,NO,0,0,12,62
1190,22:44:07.142,8.8,0,NO,0,0,12,62
1191,22:44:07.183,24.4,0,NO,0,0,12,62
1192,22:44:07.289,9.4,0,NO,0,0,12,62
1193,22:44:07.340,19.7,0,NO,0,0,12,62
1194,22:44:07.433,10.7,0,NO,0,0,12,62
1195,22:44:07.473,25.2,0,NO,0,0,12,62
1196,22:44:07.585,8.9,0,NO,0,0,12,62
1197,22:44:07.627,23.7,0,NO,0,0,12,62
1198,22:44:07.736,9.1,0,NO,0,0,12,62
1199,22:44:07.787,19.7,0,NO,0,0,12,62
1200,22:44:07.901,8.8,1,NO,0,0,12,62
1201,22:44:07.968,14.8,1,NO,0,0,12,62
1202,22:44:08.063,10.6,1,NO,0,0,12,62
1203,22:44:08.115,19.0,1,NO,0,0,12,62
1204,22:44:08.216,9.9,1,NO,0,0,12,62
1205,22:44:08.251,28.6,1,NO,0,0,12,62
1206,22:44:08.354,9.7,1,NO,0,0,12,62
1207,22:44:08.390,28.4,1,NO,0,0,12,62
1208,22:44:08.521,7.6,1,NO,0,0,12,62
1209,22:44:08.578,17.5,1,NO,0,0,12,62
1210,22:44:08.704,7.9,1,NO,0,0,12,62
1211,22:44:08.782,13.0,1,NO,0,0,12,62
1212,22:44:08.887,9.5,1,NO,0,0,12,62
1213,22:44:08.938,19.6,1,NO,0,0,12,62
1214,22:44:09.022,11.7,1,NO,0,0,12,62
1215,22:44:09.072,20.3,1,NO,0,0,12,61
1216,22:44:09.176,9.6,1,NO,0,0,12,61
1217,22:44:09.213,27.2,1,NO,0,0,12,61
1218,22:44:09.328,8.7,1,NO,0,0,12,61
1219,22:44:09.368,25.6,1,NO,0,0,12,61
1220,22:44:09.491,8.1,1,NO,0,0,12,61
1221,22:44:09.536,22.4,1,NO,0,0,12,61
1222,22:44:09.673,7.3,1,NO,0,0,12,61
1223,22:44:09.738,15.4,1,NO,0,0,12,61
1224,22:44:09.857,8.4,1,NO,0,0,12,61
1225,22:44:09.891,29.1,1,NO,0,0,12,60
1226,22:44:10.033,7.1,1,NO,0,0,12,60
1227,22:44:10.082,20.4,1,NO,0,0,12,60
1228,22:44:10.196,8.7,1,NO,0,0,12,60
1229,22:44:10.230,29.6,1,NO,0,0,12,60
1230,22:44:10.374,7.0,2,NO,0,0,12,60
1231,22:44:10.418,22.9,2,NO,0,0,12,60
1232,22:44:10.522,9.7,2,NO,0,0,12,59
1233,22:44:10.568,21.6,2,NO,0,0,12,59
1234,22:44:10.685,8.6,2,NO,0,0,12,59
1235,22:44:10.728,23.1,2,NO,0,0,12,59
1236,22:44:10.828,10.0,2,NO,0,0,12,59
1237,22:44:10.883,17.8,2,NO,0,0,12,59
1238,22:44:10.994,9.1,2,NO,0,0,12,59
1239,22:44:11.030,28.3,2,NO,0,0,12,58
1240,22:44:11.135,9.4,2,NO,0,0,12,58
1241,22:44:11.193,17.3,2,NO,0,0,12,58
1242,22:44:11.284,11.1,2,NO,0,0,12,58
1243,22:44:11.331,21.2,2,NO,0,0,12,58
1244,22:44:11.469,7.3,2,NO,0,0,12,58
1245,22:44:11.502,29.6,2,NO,0,0,12,58
1246,22:44:11.631,7.8,2,NO,0,0,12,57
1247,22:44:11.681,20.1,2,NO,0,0,12,57
1248,22:44:11.791,9.1,2,NO,0,0,12,57
1249,22:44:11.823,30.7,2,NO,0,0,12,57
1250,22:44:11.932,9.2,2,NO,0,0,12,57
1251,22:44:11.978,21.5,2,NO,0,0,12,57
1252,22:44:12.096,8.5,2,NO,0,0,12,57
1253,22:44:12.134,26.3,2,NO,0,0,12,57
1254,22:44:12.239,9.5,2,NO,0,0,12,57
1255,22:44:12.303,15.4,2,NO,0,0,12,57
1256,22:44:12.414,9.0,2,NO,0,0,12,57
1257,22:44:12.463,20.7,2,NO,0,0,12,56
1258,22:44:12.584,8.4,2,NO,0,0,12,56
1259,22:44:12.636,19.3,2,NO,0,0,12,56
1260,22:44:12.753,8.5,2,NO,0,0,12,56
1261,22:44:12.795,23.1,2,NO,0,0,12,55
1262,22:44:12.884,11.3,2,NO,0,0,12,55
1263,22:44:12.927,23.0,2,NO,0,0,12,55
1264,22:44:13.040,8.8,2,NO,0,0,12,54
1265,22:44:13.082,23.7,2,NO,0,0,12,54
1266,22:44:13.191,9.2,2,NO,0,0,12,54
1267,22:44:13.243,19.3,2,NO,0,0,12,53
1268,22:44:13.362,8.4,2,NO,0,0,12,53
1269,22:44:13.405,23.7,2,NO,0,0,12,53
1270,22:44:13.531,7.9,1,NO,0,0,12,53
1271,22:44:13.566,27.2,1,NO,0,0,12,53
1272,22:44:13.676,9.2,1,NO,0,0,12,53
1273,22:44:13.735,17.0,1,NO,0,0,12,52
1274,22:44:13.849,8.8,1,NO,0,0,12,52
1275,22:44:13.888,25.2,1,NO,0,0,12,52
1276,22:44:14.015,7.9,1,NO,0,0,12,52
1277,22:44:14.054,25.5,1,NO,0,0,12,52
1278,22:44:14.166,8.9,1,NO,0,0,12,52
1279,22:44:14.215,20.8,1,NO,0,0,12,52
1280,22:44:14.337,8.2,1,NO,0,0,12,52
1281,22:44:14.389,19.6,1,NO,0,0,12,52
1282,22:44:14.520,7.6,1,NO,0,0,12,52
1283,22:44:14.561,24.4,1,NO,0,0,12,53
1284,22:44:14.686,8.0,1,NO,0,0,12,53
1285,22:44:14.734,20.6,1,NO,0,0,12,53
1286,22:44:14.847,8.9,1,NO,0,0,12,53
1287,22:44:14.876,35.6,1,NO,0,0,12,53
1288,22:44:15.001,7.9,1,NO,0,0,12,53
1289,22:44:15.043,23.8,1,NO,0,0,12,53
1290,22:44:15.173,7.7,0,NO,0,0,12,53
1291,22:44:15.208,28.9,0,NO,0,0,12,53
1292,22:44:15.332,8.1,0,NO,0,0,12,53
1293,22:44:15.371,25.3,0,NO,0,0,12,53
1294,22:44:15.503,7.6,0,NO,0,0,12,53
1295,22:44:15.546,23.1,0,NO,0,0,12,53
1296,22:44:15.685,7.2,0,NO,0,0,12,54
1297,22:44:15.736,19.8,0,NO,0,0,12,54
1298,22:44:15.864,7.8,0,NO,0,0,12,54
1299,22:44:15.899,28.5,0,NO,0,0,12,54
1300,22:44:16.014,8.7,1,NO,0,0,12,54
1301,22:44:16.049,28.5,1,NO,0,0,12,54
1302,22:44:16.160,9.0,1,NO,0,0,12,54
1303,22:44:16.210,20.1,1,NO,0,0,12,54
1304,22:44:16.322,8.9,1,NO,0,0,12,54
1305,22:44:16.359,27.5,1,NO,0,0,12,54
1306,22:44:16.457,10.2,1,NO,0,0,12,54
1307,22:44:16.503,21.3,1,NO,0,0,12,54
1308,22:44:16.621,8.5,1,NO,0,0,12,54
1309,22:44:16.663,23.7,1,NO,0,0,12,54
1310,22:44:16.786,8.1,1,NO,0,0,12,54
1311,22:44:16.831,22.4,1,NO,0,0,12,54
1312,22:44:16.938,9.3,1,NO,0,0,12,55
1313,22:44:16.985,21.5,1,NO,0,0,12,55
1314,22:44:17.102,8.5,1,NO,0,0,12,55
1315,22:44:17.156,18.6,1,NO,0,0,12,55
1316,22:44:17.266,9.1,1,NO,0,0,12,55
1317,22:44:17.328,15.9,1,NO,0,0,12,55
1318,22:44:17.448,8.4,1,NO,0,0,12,55
1319,22:44:17.481,29.6,1,NO,0,0,12,55
1320,22:44:17.593,9.0,1,NO,0,0,12,55
1321,22:44:17.633,24.8,1,NO,0,0,12,55
1322,22:44:17.760,7.9,1,NO,0,0,12,55
1323,22:44:17.800,25.8,1,NO,0,0,12,55
1324,22:44:17.928,7.8,1,NO,0,0,12,55
1325,22:44:17.969,24.3,1,NO,0,0,12,56
1326,22:44:18.097,7.8,1,NO,0,0,12,56
1327,22:44:18.152,18.4,1,NO,0,0,12,56
1328,22:44:18.255,9.8,1,NO,0,0,12,56
1329,22:44:18.326,14.2,1,NO,0,0,12,56
1330,22:44:18.456,7.6,2,NO,0,0,12,57
1331,22:44:18.511,18.1,2,NO,0,0,12,57
1332,22:44:18.628,8.6,2,NO,0,0,12,57
1333,22:44:18.688,16.6,2,NO,0,0,12,57
1334,22:44:18.803,8.7,2,NO,0,0,12,57
1335,22:44:18.857,18.1,2,NO,0,0,12,58
1336,22:44:18.986,7.7,2,NO,0,0,12,58
1337,22:44:19.018,32.1,2,NO,0,0,12,58
1338,22:44:19.155,7.3,2,NO,0,0,12,58
1339,22:44:19.184,33.5,2,NO,0,0,12,58
1340,22:44:19.314,7.8,2,NO,0,0,12,58
1341,22:44:19.345,31.5,2,NO,0,0,12,58
1342,22:44:19.475,7.7,2,NO,0,0,12,58
1343,22:44:19.534,17.0,2,NO,0,0,12,58
1344,22:44:19.660,7.9,2,NO,0,0,12,58
1345,22:44:19.718,17.1,2,NO,0,0,12,58
1346,22:44:19.848,7.7,2,NO,0,0,12,58
1347,22:44:19.905,17.5,2,NO,0,0,12,58
1348,22:44:20.031,7.9,2,NO,0,0,12,58
1349,22:44:20.065,28.8,2,NO,0,0,12,58
1350,22:44:20.179,8.9,1,NO,0,0,12,58
1351,22:44:20.227,20.5,1,NO,0,0,12,59
1352,22:44:20.355,7.8,1,NO,0,0,12,59
1353,22:44:20.397,24.1,1,NO,0,0,12,59
1354,22:44:20.504,9.3,1,NO,0,0,12,59
1355,22:44:20.543,25.6,1,NO,0,0,12,59
1356,22:44:20.673,7.7,1,NO,0,0,12,59
1357,22:44:20.727,18.6,1,NO,0,0,12,59
1358,22:44:20.859,7.5,1,NO,0,0,12,59
1359,22:44:20.909,20.4,1,NO,0,0,12,59
1360,22:44:21.035,7.9,1,NO,0,0,12,59
1361,22:44:21.077,23.7,1,NO,0,0,12,59
1362,22:44:21.194,8.6,1,NO,0,0,12,59
1363,22:44:21.235,24.1,1,NO,0,0,12,59
1364,22:44:21.353,8.5,1,NO,0,0,12,59
1365,22:44:21.407,18.6,1,NO,0,0,12,59
1366,22:44:21.537,7.7,1,NO,0,0,12,59
1367,22:44:21.571,29.6,1,NO,0,0,12,59
1368,22:44:21.701,7.7,1,NO,0,0,12,59
1369,22:44:21.767,15.1,1,NO,0,0,12,59
1370,22:44:21.892,8.0,1,NO,0,0,12,59
1371,22:44:21.934,23.8,1,NO,0,0,12,59
1372,22:44:22.054,8.4,1,NO,0,0,12,59
1373,22:44:22.085,31.7,1,NO,0,0,12,59
1374,22:44:22.177,10.7,1,NO,0,0,12,59
1375,22:44:22.212,28.8,1,NO,0,0,12,59
1376,22:44:22.318,9.5,1,NO,0,0,12,59
1377,22:44:22.364,22.5,1,NO,0,0,12,59
1378,22:44:22.472,9.2,1,NO,0,0,12,59
1379,22:44:22.506,29.4,1,NO,0,0,12,59
1380,22:44:22.618,8.9,1,NO,0,0,12,59
1381,22:44:22.652,29.4,1,NO,0,0,12,59
1382,22:44:22.763,9.0,1,NO,0,0,12,59
1383,22:44:22.808,22.2,1,NO,0,0,12,59
1384,22:44:22.926,8.5,1,NO,0,0,12,59
1385,22:44:22.984,17.1,1,NO,0,0,12,59
1386,22:44:23.093,9.2,1,NO,0,0,12,59
1387,22:44:23.128,28.3,1,NO,0,0,12,60
1388,22:44:23.238,9.0,1,NO,0,0,12,59
1389,22:44:23.309,14.4,1,NO,0,0,12,60
1390,22:44:23.423,8.7,1,NO,0,0,12,60
1391,22:44:23.448,40.2,1,NO,0,0,12,59
1392,22:44:23.558,9.1,1,NO,0,0,12,59
1393,22:44:23.592,29.6,1,NO,0,0,12,59
1394,22:44:23.716,8.0,1,NO,0,0,12,59
1395,22:44:23.779,16.1,1,NO,0,0,12,59
1396,22:44:23.883,9.6,1,NO,0,0,12,60
1397,22:44:23.925,23.7,1,NO,0,0,12,60
1398,22:44:24.043,8.5,1,NO,0,0,12,60
1399,22:44:24.101,17.0,1,NO,0,0,12,60
1400,22:44:24.235,7.5,2,NO,0,0,12,60
1401,22:44:24.282,21.2,2,NO,0,0,12,60
1402,22:44:24.400,8.5,2,NO,0,0,12,60
1403,22:44:24.437,27.3,2,NO,0,0,12,60
1404,22:44:24.536,10.1,2,NO,0,0,12,60
1405,22:44:24.573,27.8,2,NO,0,0,12,60
1406,22:44:24.669,10.4,2,NO,0,0,12,60
1407,22:44:24.727,17.2,2,NO,0,0,12,60
1408,22:44:24.831,9.6,2,NO,0,0,12,60
1409,22:44:24.872,25.1,2,NO,0,0,12,60
1410,22:44:25.028,6.4,2,NO,0,0,12,60
1411,22:44:25.070,24.0,2,NO,0,0,12,60
1412,22:44:25.154,11.8,2,NO,0,0,12,60
1413,22:44:25.202,21.1,2,NO,0,0,12,60
1414,22:44:25.295,10.7,2,NO,0,0,12,60
1415,22:44:25.336,24.3,2,NO,0,0,12,60
1416,22:44:25.423,11.6,2,NO,0,0,12,60
1417,22:44:25.482,17.0,2,NO,0,0,12,60
1418,22:44:25.595,8.8,2,NO,0,0,12,60
1419,22:44:25.630,28.9,2,NO,0,0,12,60
1420,22:44:25.729,10.1,0,NO,0,0,12,60
1421,22:44:25.766,26.9,0,NO,0,0,12,60
1422,22:44:25.890,8.1,0,NO,0,0,12,60
1423,22:44:25.939,20.6,0,NO,0,0,12,60
1424,22:44:26.046,9.3,0,NO,0,0,12,60
1425,22:44:26.085,25.9,0,NO,0,0,12,60
1426,22:44:26.163,13.0,0,NO,0,0,12,61
1427,22:44:26.196,29.5,0,NO,0,0,12,61
1428,22:44:26.305,9.2,0,NO,0,0,12,61
1429,22:44:26.332,36.6,0,NO,0,0,12,61
1430,22:44:26.438,9.4,1,NO,0,0,12,61
1431,22:44:26.478,24.8,1,NO,0,0,12,61
1432,22:44:26.593,8.7,1,NO,0,0,12,61
1433,22:44:26.655,16.0,1,NO,0,0,12,61
1434,22:44:26.759,9.6,1,NO,0,0,12,61
1435,22:44:26.827,15.0,1,NO,0,0,12,61
1436,22:44:26.945,8.4,1,NO,0,0,12,61
1437,22:44:26.981,27.8,1,NO,0,0,12,61
1438,22:44:27.081,10.0,1,NO,0,0,12,61
1439,22:44:27.132,19.5,1,NO,0,0,12,61
1440,22:44:27.252,8.4,0,NO,0,0,12,61
1441,22:44:27.305,18.6,0,NO,0,0,12,61
1442,22:44:27.427,8.2,0,NO,0,0,12,61
1443,22:44:27.476,20.3,0,NO,0,0,12,61
1444,22:44:27.604,7.8,0,NO,0,0,12,61
1445,22:44:27.643,26.1,0,NO,0,0,12,62
1446,22:44:27.756,8.9,0,NO,0,0,12,62
1447,22:44:27.792,27.7,0,NO,0,0,12,62
1448,22:44:27.925,7.5,0,NO,0,0,12,62
1449,22:44:27.983,17.4,0,NO,0,0,12,62
1450,22:44:28.112,7.7,2,NO,0,0,12,62
1451,22:44:28.153,24.0,2,NO,0,0,12,62
1452,22:44:28.272,8.5,2,NO,0,0,12,62
1453,22:44:28.324,19.0,2,NO,0,0,12,62
1454,22:44:28.443,8.4,2,NO,0,0,12,62
1455,22:44:28.504,16.6,2,NO,0,0,12,62
1456,22:44:28.609,9.5,2,NO,0,0,12,62
1457,22:44:28.646,27.6,2,NO,0,0,12,62
1458,22:44:28.789,7.0,2,NO,0,0,12,63
1459,22:44:28.848,16.8,2,NO,0,0,12,63
1460,22:44:28.996,6.8,1,NO,0,0,12,63
1461,22:44:29.040,22.7,1,NO,0,0,12,63
1462,22:44:29.154,8.7,1,NO,0,0,12,63
1463,22:44:29.196,24.2,1,NO,0,0,12,63
1464,22:44:29.314,8.5,1,NO,0,0,12,63
1465,22:44:29.342,36.6,1,NO,0,0,12,63
1466,22:44:29.465,8.1,1,NO,0,0,12,63
1467,22:44:29.509,23.2,1,NO,0,0,12,63
1468,22:44:29.626,8.5,1,NO,0,0,12,63
1469,22:44:29.654,35.6,1,NO,0,0,12,63
1470,22:44:29.765,9.0,1,NO,0,0,12,64
1471,22:44:29.805,25.3,1,NO,0,0,12,63
1472,22:44:29.925,8.3,1,NO,0,0,12,64
1473,22:44:29.999,13.7,1,NO,0,0,12,64
1474,22:44:30.106,9.2,1,NO,0,0,12,64
1475,22:44:30.144,25.9,1,NO,0,0,12,64
1476,22:44:30.264,8.4,1,NO,0,0,12,64
1477,22:44:30.304,24.4,1,NO,0,0,12,64
1478,22:44:30.443,7.3,1,NO,0,0,12,64
1479,22:44:30.489,21.6,1,NO,0,0,12,64
1480,22:44:30.627,7.3,1,NO,0,0,12,64
1481,22:44:30.653,37.8,1,NO,0,0,12,64
1482,22:44:30.768,8.7,1,NO,0,0,12,64
1483,22:44:30.796,35.5,1,NO,0,0,12,64
1484,22:44:30.933,7.3,1,NO,0,0,12,63
1485,22:44:30.987,18.5,1,NO,0,0,12,64
1486,22:44:31.108,8.3,1,NO,0,0,12,63
1487,22:44:31.142,28.9,1,NO,0,0,12,63
1488,22:44:31.253,9.1,1,NO,0,0,12,63
1489,22:44:31.327,13.7,1,NO,0,0,12,63
1490,22:44:31.447,8.2,1,NO,0,0,12,63
1491,22:44:31.494,21.6,1,NO,0,0,12,63
1492,22:44:31.615,8.3,1,NO,0,0,12,63
1493,22:44:31.670,18.3,1,NO,0,0,12,63
1494,22:44:31.786,8.6,1,NO,0,0,12,63
1495,22:44:31.836,20.2,1,NO,0,0,12,63
1496,22:44:31.968,7.5,1,NO,0,0,12,63
1497,22:44:31.996,37.3,1,NO,0,0,12,63
1498,22:44:32.103,9.3,1,NO,0,0,12,63
1499,22:44:32.139,28.0,1,NO,0,0,12,63
1500,22:44:32.250,8.9,1,NO,0,0,12,63
1501,22:44:32.324,13.7,1,NO,0,0,12,63
1502,22:44:32.439,8.7,1,NO,0,0,12,63
1503,22:44:32.478,26.1,1,NO,0,0,12,63
1504,22:44:32.610,7.6,1,NO,0,0,12,63
1505,22:44:32.646,27.6,1,NO,0,0,12,63
1506,22:44:32.795,6.7,1,NO,0,0,12,63
1507,22:44:32.834,25.6,1,NO,0,0,12,63
1508,22:44:32.956,8.2,1,NO,0,0,12,63
1509,22:44:33.027,14.1,1,NO,0,0,12,63
1510,22:44:33.142,8.7,0,NO,0,0,12,63
1511,22:44:33.169,37.5,0,NO,0,0,12,63
1512,22:44:33.278,9.2,0,NO,0,0,12,63
1513,22:44:33.319,24.3,0,NO,0,0,12,63
1514,22:44:33.471,6.6,0,NO,0,0,12,63
1515,22:44:33.502,31.5,0,NO,0,0,12,62
1516,22:44:33.595,10.8,0,NO,0,0,12,62
1517,22:44:33.629,29.4,0,NO,0,0,12,62
1518,22:44:33.733,9.6,0,NO,0,0,12,62
1519,22:44:33.773,25.4,0,NO,0,0,12,62
1520,22:44:33.900,7.9,2,NO,0,0,12,62
1521,22:44:33.937,26.4,2,NO,0,0,12,62
1522,22:44:34.057,8.4,2,NO,0,0,12,62
1523,22:44:34.109,19.1,2,NO,0,0,12,62
1524,22:44:34.216,9.4,2,NO,0,0,12,61
1525,22:44:34.254,26.4,2,NO,0,0,12,61
1526,22:44:34.398,6.9,2,NO,0,0,12,61
1527,22:44:34.441,23.2,2,NO,0,0,12,61
1528,22:44:34.551,9.1,2,NO,0,0,12,61
1529,22:44:34.593,23.7,2,NO,0,0,12,61
1530,22:44:34.735,7.1,1,NO,0,0,12,61
1531,22:44:34.770,28.2,1,NO,0,0,12,61
1532,22:44:34.885,8.7,1,NO,0,0,12,61
1533,22:44:34.949,16.0,1,NO,0,0,12,60
1534,22:44:35.052,9.6,1,NO,0,0,12,60
1535,22:44:35.088,28.0,1,NO,0,0,12,60
1536,22:44:35.179,11.1,1,NO,0,0,12,60
1537,22:44:35.211,30.7,1,NO,0,0,12,60
1538,22:44:35.311,10.0,1,NO,0,0,12,60
1539,22:44:35.367,17.9,1,NO,0,0,12,60
1540,22:44:35.495,7.8,1,NO,0,0,12,60
1541,22:44:35.555,17.0,1,NO,0,0,12,59
1542,22:44:35.671,8.6,1,NO,0,0,12,59
1543,22:44:35.707,27.8,1,NO,0,0,12,59
1544,22:44:35.806,10.1,1,NO,0,0,12,59
1545,22:44:35.838,30.8,1,NO,0,0,12,59
1546,22:44:35.937,10.1,1,NO,0,0,12,59
1547,22:44:35.988,20.0,1,NO,0,0,12,59
1548,22:44:36.084,10.3,1,NO,0,0,12,59
1549,22:44:36.124,25.4,1,NO,0,0,12,59
1550,22:44:36.225,9.9,1,NO,0,0,12,59
1551,22:44:36.263,26.6,1,NO,0,0,12,59
1552,22:44:36.387,8.0,1,NO,0,0,12,59
1553,22:44:36.427,24.8,1,NO,0,0,12,58
1554,22:44:36.538,9.0,1,NO,0,0,12,58
1555,22:44:36.576,26.5,1,NO,0,0,12,58
1556,22:44:36.674,10.2,1,NO,0,0,12,58
1557,22:44:36.702,36.1,1,NO,0,0,12,58
1558,22:44:36.810,9.2,1,NO,0,0,12,58
1559,22:44:36.846,28.2,1,NO,0,0,12,58
1560,22:44:36.960,8.7,1,NO,0,0,12,58
1561,22:44:37.017,18.1,1,NO,0,0,12,58
1562,22:44:37.112,10.4,1,NO,0,0,12,58
1563,22:44:37.146,29.7,1,NO,0,0,12,58
1564,22:44:37.251,9.5,1,NO,0,0,12,58
1565,22:44:37.292,24.3,1,NO,0,0,12,58
1566,22:44:37.407,8.7,1,NO,0,0,12,58
1567,22:44:37.452,22.4,1,NO,0,0,12,58
1568,22:44:37.556,9.6,1,NO,0,0,12,58
1569,22:44:37.616,16.7,1,NO,0,0,12,58
1570,22:44:37.750,7.5,2,NO,0,0,12,58
1571,22:44:37.791,24.1,2,NO,0,0,12,58
1572,22:44:37.878,11.6,2,NO,0,0,12,58
1573,22:44:37.921,23.3,2,NO,0,0,12,58
1574,22:44:38.029,9.2,2,NO,0,0,12,58
1575,22:44:38.061,31.0,2,NO,0,0,12,58
1576,22:44:38.162,9.8,2,NO,0,0,12,58
1577,22:44:38.194,31.3,2,NO,0,0,12,58
1578,22:44:38.299,9.6,2,NO,0,0,12,58
1579,22:44:38.340,24.4,2,NO,0,0,12,58
1580,22:44:38.458,8.5,2,NO,0,0,12,58
1581,22:44:38.487,34.5,2,NO,0,0,12,58
1582,22:44:38.599,8.9,2,NO,0,0,12,58
1583,22:44:38.640,24.4,2,NO,0,0,12,58
1584,22:44:38.765,8.0,2,NO,0,0,12,58
1585,22:44:38.814,20.4,2,NO,0,0,12,58
1586,22:44:38.932,8.5,2,NO,0,0,12,58
1587,22:44:38.989,17.3,2,NO,0,0,12,58
1588,22:44:39.103,8.7,2,NO,0,0,12,58
1589,22:44:39.130,37.3,2,NO,0,0,12,58
1590,22:44:39.235,9.5,3,NO,0,0,12,58
1591,22:44:39.270,29.5,3,NO,0,0,12,58
1592,22:44:39.379,9.2,3,NO,0,0,12,57
1593,22:44:39.409,33.3,3,NO,0,0,12,57
1594,22:44:39.487,12.8,3,NO,0,0,12,57
1595,22:44:39.519,31.1,3,NO,0,0,12,58
1596,22:44:39.620,10.0,3,NO,0,0,12,57
1597,22:44:39.652,30.9,3,NO,0,0,12,57
1598,22:44:39.773,8.2,3,NO,0,0,12,57
1599,22:44:39.817,23.0,3,NO,0,0,12,57
1600,22:44:39.915,10.2,1,NO,0,0,12,57
1601,22:44:39.974,16.9,1,NO,0,0,12,57
1602,22:44:40.083,9.2,1,NO,0,0,12,57
1603,22:44:40.122,25.7,1,NO,0,0,12,57
1604,22:44:40.230,9.3,1,NO,0,0,12,57
1605,22:44:40.269,26.0,1,NO,0,0,12,57
1606,22:44:40.379,9.0,1,NO,0,0,12,57
1607,22:44:40.412,30.8,1,NO,0,0,12,57
1608,22:44:40.532,8.3,1,NO,0,0,12,57
1609,22:44:40.567,29.0,1,NO,0,0,12,57
1610,22:44:40.673,9.4,1,NO,0,0,12,57
1611,22:44:40.748,13.5,1,NO,0,0,12,56
1612,22:44:40.855,9.4,1,NO,0,0,12,56
1613,22:44:40.901,21.8,1,NO,0,0,12,56
1614,22:44:41.000,10.0,1,NO,0,0,12,56
1615,22:44:41.045,22.7,1,NO,0,0,12,56
1616,22:44:41.161,8.5,1,NO,0,0,12,57
1617,22:44:41.205,23.3,1,NO,0,0,12,56
1618,22:44:41.316,8.9,1,NO,0,0,12,56
1619,22:44:41.343,38.5,1,NO,0,0,12,56
1620,22:44:41.502,6.3,1,NO,0,0,12,56
1621,22:44:41.583,12.3,1,NO,0,0,12,56
1622,22:44:41.703,8.3,1,NO,0,0,12,56
1623,22:44:41.745,24.0,1,NO,0,0,12,56
1624,22:44:41.866,8.3,1,NO,0,0,12,56
1625,22:44:41.934,14.8,1,NO,0,0,12,56
1626,22:44:42.067,7.5,1,NO,0,0,12,56
1627,22:44:42.102,28.7,1,NO,0,0,12,56
1628,22:44:42.221,8.4,1,NO,0,0,12,56
1629,22:44:42.249,36.1,1,NO,0,0,12,56
1630,22:44:42.419,5.9,1,NO,0,0,12,56
1631,22:44:42.458,25.5,1,NO,0,0,12,56
1632,22:44:42.586,7.9,1,NO,0,0,12,56
1633,22:44:42.626,24.7,1,NO,0,0,12,56
1634,22:44:42.739,8.7,1,NO,0,0,12,56
1635,22:44:42.809,14.3,1,NO,0,0,12,56
1636,22:44:42.924,8.7,1,NO,0,0,12,56
1637,22:44:42.954,34.1,1,NO,0,0,12,56
1638,22:44:43.075,8.3,1,NO,0,0,12,56
1639,22:44:43.117,23.6,1,NO,0,0,12,56
1640,22:44:43.245,7.8,1,NO,0,0,12,56
1641,22:44:43.281,27.8,1,NO,0,0,12,56
1642,22:44:43.389,9.2,1,NO,0,0,12,57
1643,22:44:43.474,12.0,1,NO,0,0,12,57
1644,22:44:43.587,8.7,1,NO,0,0,12,57
1645,22:44:43.638,19.8,1,NO,0,0,12,57
1646,22:44:43.747,9.2,1,NO,0,0,12,57
1647,22:44:43.793,22.1,1,NO,0,0,12,58
1648,22:44:43.905,8.8,1,NO,0,0,12,58
1649,22:44:43.954,20.7,1,NO,0,0,12,58
1650,22:44:44.076,8.2,1,NO,0,0,12,58
1651,22:44:44.108,30.8,1,NO,0,0,12,58
1652,22:44:44.240,7.6,1,NO,0,0,12,58
1653,22:44:44.293,18.6,1,NO,0,0,12,58
1654,22:44:44.407,8.8,1,NO,0,0,12,58
1655,22:44:44.439,30.9,1,NO,0,0,12,59
1656,22:44:44.554,8.7,1,NO,0,0,12,59
1657,22:44:44.590,27.9,1,NO,0,0,12,59
1658,22:44:44.740,6.6,1,NO,0,0,12,59
1659,22:44:44.797,17.3,1,NO,0,0,12,59
1660,22:44:44.934,7.4,1,NO,0,0,12,59
1661,22:44:44.972,26.0,1,NO,0,0,12,59
1662,22:44:45.098,8.0,1,NO,0,0,12,59
1663,22:44:45.136,25.8,1,NO,0,0,12,59
1664,22:44:45.241,9.5,1,NO,0,0,12,59
1665,22:44:45.309,14.8,1,NO,0,0,12,59
1666,22:44:45.429,8.3,1,NO,0,0,12,59
1667,22:44:45.483,18.7,1,NO,0,0,12,59
1668,22:44:45.625,7.0,1,NO,0,0,12,59
1669,22:44:45.685,16.6,1,NO,0,0,12,59
1670,22:44:45.815,7.7,2,NO,0,0,12,59
1671,22:44:45.842,37.6,2,NO,0,0,12,59
1672,22:44:45.974,7.6,2,NO,0,0,12,59
1673,22:44:46.026,19.0,2,NO,0,0,12,59
1674,22:44:46.143,8.6,2,NO,0,0,12,59
1675,22:44:46.200,17.5,2,NO,0,0,12,59
1676,22:44:46.300,10.0,2,NO,0,0,12,59
1677,22:44:46.361,16.3,2,NO,0,0,12,59
1678,22:44:46.487,8.0,2,NO,0,0,12,59
1679,22:44:46.519,30.8,2,NO,0,0,12,59
1680,22:44:46.632,8.9,1,NO,0,0,12,59
1681,22:44:46.699,15.0,1,NO,0,0,12,59
1682,22:44:46.797,10.1,1,NO,0,0,12,59
1683,22:44:46.847,20.1,1,NO,0,0,12,59
1684,22:44:46.961,8.8,1,NO,0,0,12,59
1685,22:44:47.015,18.3,1,NO,0,0,12,59
1686,22:44:47.118,9.8,1,NO,0,0,12,59
1687,22:44:47.174,17.8,1,NO,0,0,12,59
1688,22:44:47.269,10.5,1,NO,0,0,12,59
1689,22:44:47.306,26.7,1,NO,0,0,12,59
1690,22:44:47.434,7.8,1,NO,0,0,12,59
1691,22:44:47.484,20.1,1,NO,0,0,12,59
1692,22:44:47.605,8.3,1,NO,0,0,12,59
1693,22:44:47.655,19.8,1,NO,0,0,12,60
1694,22:44:47.759,9.6,1,NO,0,0,12,60
1695,22:44:47.822,15.7,1,NO,0,0,12,60
1696,22:44:47.934,8.9,1,NO,0,0,12,60
1697,22:44:47.998,15.9,1,NO,0,0,12,60
1698,22:44:48.092,10.6,1,NO,0,0,12,60
1699,22:44:48.136,23.1,1,NO,0,0,12,60
1700,22:44:48.245,9.1,2,NO,0,0,12,60
1701,22:44:48.294,20.7,2,NO,0,0,12,60
1702,22:44:48.395,9.9,2,NO,0,0,12,60
1703,22:44:48.454,17.1,2,NO,0,0,12,60
1704,22:44:48.568,8.7,2,NO,0,0,12,60
1705,22:44:48.621,19.1,2,NO,0,0,12,60
1706,22:44:48.739,8.5,2,NO,0,0,12,60
1707,22:44:48.774,29.1,2,NO,0,0,12,60
1708,22:44:48.906,7.5,2,NO,0,0,12,60
1709,22:44:48.939,30.2,2,NO,0,0,12,60
1710,22:44:49.060,8.3,1,NO,0,0,12,60
1711,22:44:49.101,24.4,1,NO,0,0,12,60
1712,22:44:49.221,8.4,1,NO,0,0,12,60
1713,22:44:49.250,34.1,1,NO,0,0,12,60
1714,22:44:49.393,7.0,1,NO,0,0,12,60
1715,22:44:49.425,31.7,1,NO,0,0,12,60
1716,22:44:49.554,7.8,1,NO,0,0,12,60
1717,22:44:49.594,25.0,1,NO,0,0,12,60
1718,22:44:49.716,8.2,1,NO,0,0,12,60
1719,22:44:49.753,26.5,1,NO,0,0,12,60
1720,22:44:49.864,9.1,1,NO,0,0,12,60
1721,22:44:49.902,26.4,1,NO,0,0,12,60
1722,22:44:50.022,8.3,1,NO,0,0,12,60
1723,22:44:50.057,29.3,1,NO,0,0,12,60
1724,22:44:50.176,8.4,1,NO,0,0,12,60
1725,22:44:50.221,22.1,1,NO,0,0,12,60
1726,22:44:50.316,10.5,1,NO,0,0,12,61
1727,22:44:50.346,33.5,1,NO,0,0,12,61
1728,22:44:50.458,8.9,1,NO,0,0,12,61
1729,22:44:50.527,14.5,1,NO,0,0,12,61
1730,22:44:50.656,7.7,1,NO,0,0,12,61
1731,22:44:50.711,18.1,1,NO,0,0,12,61
1732,22:44:50.838,7.9,1,NO,0,0,12,61
1733,22:44:50.866,35.7,1,NO,0,0,12,61
1734,22:44:50.965,10.1,1,NO,0,0,12,61
1735,22:44:50.998,30.4,1,NO,0,0,12,61
1736,22:44:51.081,12.0,1,NO,0,0,12,61
1737,22:44:51.134,18.6,1,NO,0,0,12,61
1738,22:44:51.244,9.1,1,NO,0,0,12,61
1739,22:44:51.278,29.6,1,NO,0,0,12,61
1740,22:44:51.386,9.3,1,NO,0,0,12,61
1741,22:44:51.421,27.9,1,NO,0,0,12,61
1742,22:44:51.530,9.3,1,NO,0,0,12,61
1743,22:44:51.559,33.1,1,NO,0,0,12,61
1744,22:44:51.656,10.5,1,NO,0,0,12,61
1745,22:44:51.683,35.9,1,NO,0,0,12,61
1746,22:44:51.777,10.7,1,NO,0,0,12,61
1747,22:44:51.805,36.4,1,NO,0,0,12,61
1748,22:44:51.890,11.6,1,NO,0,0,12,61
1749,22:44:51.921,33.2,1,NO,0,0,12,61
1750,22:44:52.060,7.2,2,NO,0,0,12,61
1751,22:44:52.090,32.9,2,NO,0,0,12,61
1752,22:44:52.196,9.5,2,NO,0,0,12,61
1753,22:44:52.230,29.7,2,NO,0,0,12,61
1754,22:44:52.322,10.8,2,NO,0,0,12,61
1755,22:44:52.362,25.1,2,NO,0,0,12,61
1756,22:44:52.493,7.7,2,NO,0,0,12,61
1757,22:44:52.550,17.2,2,NO,0,0,12,61
1758,22:44:52.659,9.2,2,NO,0,0,12,61
1759,22:44:52.726,15.0,2,NO,0,0,12,61
1760,22:44:52.840,8.8,0,NO,0,0,12,61
1761,22:44:52.876,28.0,0,NO,0,0,12,61
1762,22:44:52.963,11.4,0,NO,0,0,12,61
1763,22:44:52.999,28.5,0,NO,0,0,12,61
1764,22:44:53.135,7.3,0,NO,0,0,12,61
1765,22:44:53.169,29.4,0,NO,0,0,12,61
1766,22:44:53.273,9.7,0,NO,0,0,12,61
1767,22:44:53.302,34.7,0,NO,0,0,12,61
1768,22:44:53.413,9.0,0,NO,0,0,12,61
1769,22:44:53.457,22.6,0,NO,0,0,12,61
1770,22:44:53.596,7.2,0,NO,0,0,12,61
1771,22:44:53.634,26.5,0,NO,0,0,12,61
1772,22:44:53.754,8.3,0,NO,0,0,12,61
1773,22:44:53.792,26.7,0,NO,0,0,12,60
1774,22:44:53.906,8.7,0,NO,0,0,12,61
1775,22:44:53.935,34.8,0,NO,0,0,12,61
1776,22:44:54.042,9.4,0,NO,0,0,12,61
1777,22:44:54.091,20.5,0,NO,0,0,12,61
1778,22:44:54.187,10.4,0,NO,0,0,12,61
1779,22:44:54.223,27.5,0,NO,0,0,12,62
1780,22:44:54.346,8.1,1,NO,0,0,12,63
1781,22:44:54.384,26.4,1,NO,0,0,12,63
1782,22:44:54.495,9.0,1,NO,0,0,12,63
1783,22:44:54.541,21.9,1,NO,0,0,12,63
1784,22:44:54.676,7.4,1,NO,0,0,12,63
1785,22:44:54.734,17.0,1,NO,0,0,12,63
1786,22:44:54.843,9.2,1,NO,0,0,12,63
1787,22:44:54.871,34.5,1,NO,0,0,12,63
1788,22:44:54.980,9.2,1,NO,0,0,12,63
1789,22:44:55.031,19.5,1,NO,0,0,12,63
1790,22:44:55.129,10.3,1,NO,0,0,12,63
1791,22:44:55.180,19.1,1,NO,0,0,12,63
1792,22:44:55.297,8.6,1,NO,0,0,12,63
1793,22:44:55.324,36.9,1,NO,0,0,12,63
1794,22:44:55.420,10.4,1,NO,0,0,12,62
1795,22:44:55.452,31.2,1,NO,0,0,12,62
1796,22:44:55.545,10.8,1,NO,0,0,12,61
1797,22:44:55.582,26.2,1,NO,0,0,12,61
1798,22:44:55.685,9.8,1,NO,0,0,12,61
1799,22:44:55.728,23.5,1,NO,0,0,12,61
1800,22:44:55.891,6.1,1,NO,0,0,12,61
1801,22:44:55.947,17.6,1,NO,0,0,12,61
1802,22:44:56.043,10.5,1,NO,0,0,12,61
1803,22:44:56.084,24.2,1,NO,0,0,12,61
1804,22:44:56.196,9.0,1,NO,0,0,12,61
1805,22:44:56.239,23.3,1,NO,0,0,12,61
1806,22:44:56.405,6.0,1,NO,0,0,12,61
1807,22:44:56.447,23.8,1,NO,0,0,12,61
1808,22:44:56.565,8.5,1,NO,0,0,12,61
1809,22:44:56.603,25.7,1,NO,0,0,12,61
1810,22:44:56.717,8.8,1,NO,0,0,12,61
1811,22:44:56.772,18.3,1,NO,0,0,12,61
1812,22:44:56.920,6.7,1,NO,0,0,12,60
1813,22:44:56.974,18.6,1,NO,0,0,12,61
1814,22:44:57.075,9.9,1,NO,0,0,12,59
1815,22:44:57.118,23.5,1,NO,0,0,12,59
1816,22:44:57.197,12.6,1,NO,0,0,12,58
1817,22:44:57.231,29.2,1,NO,0,0,12,58
1818,22:44:57.356,8.0,1,NO,0,0,12,58
1819,22:44:57.423,14.9,1,NO,0,0,12,57
1820,22:44:57.546,8.2,1,NO,0,0,12,56
1821,22:44:57.584,26.1,1,NO,0,0,12,56
1822,22:44:57.672,11.3,1,NO,0,0,12,56
1823,22:44:57.714,24.0,1,NO,0,0,12,55
1824,22:44:57.819,9.5,1,NO,0,0,12,55
1825,22:44:57.867,21.2,1,NO,0,0,12,54
1826,22:44:57.982,8.7,1,NO,0,0,12,52
1827,22:44:58.013,31.9,1,NO,0,0,12,51
1828,22:44:58.110,10.3,1,NO,0,0,12,51
1829,22:44:58.151,24.9,1,NO,0,0,12,51
1830,22:44:58.261,9.0,1,NO,0,0,12,51
1831,22:44:58.305,23.0,1,NO,0,0,12,50
1832,22:44:58.408,9.7,1,NO,0,0,12,49
1833,22:44:58.436,35.5,1,NO,0,0,12,49
1834,22:44:58.565,7.8,1,NO,0,0,12,48
1835,22:44:58.635,14.4,1,NO,0,0,12,47
1836,22:44:58.737,9.8,1,NO,0,0,12,47
1837,22:44:58.794,17.4,1,NO,0,0,12,47
1838,22:44:58.902,9.2,1,NO,0,0,12,47
1839,22:44:58.955,18.9,1,NO,0,0,12,47
1840,22:44:59.054,10.0,2,NO,0,0,12,47
1841,22:44:59.089,29.6,2,NO,0,0,12,48
1842,22:44:59.182,10.8,2,NO,0,0,12,48
1843,22:44:59.220,26.1,2,NO,0,0,12,48
1844,22:44:59.333,8.8,2,NO,0,0,12,48
1845,22:44:59.378,22.5,2,NO,0,0,12,48
1846,22:44:59.483,9.5,2,NO,0,0,12,48
1847,22:44:59.529,22.0,2,NO,0,0,12,48
1848,22:44:59.640,9.0,2,NO,0,0,12,48
1849,22:44:59.677,26.5,2,NO,0,0,12,47
1850,22:44:59.799,8.2,1,NO,0,0,12,47
1851,22:44:59.848,20.2,1,NO,0,0,12,47
1852,22:44:59.964,8.7,1,NO,0,0,12,47
1853,22:45:00.004,25.2,1,NO,0,0,12,48
1854,22:45:00.103,10.0,1,NO,0,0,12,48
1855,22:45:00.137,29.1,1,NO,0,0,12,47
1856,22:45:00.232,10.6,1,NO,0,0,12,47
1857,22:45:00.262,34.1,1,NO,0,0,12,46
1858,22:45:00.379,8.5,1,NO,0,0,12,46
1859,22:45:00.431,19.3,1,NO,0,0,12,47
1860,22:45:00.564,7.6,1,NO,0,0,12,47
1861,22:45:00.617,18.6,1,NO,0,0,12,47
1862,22:45:00.734,8.6,1,NO,0,0,12,47
1863,22:45:00.769,28.6,1,NO,0,0,12,47
1864,22:45:00.904,7.4,1,NO,0,0,12,47
1865,22:45:00.937,30.7,1,NO,0,0,12,48
1866,22:45:01.060,8.1,1,NO,0,0,12,48
1867,22:45:01.089,34.8,1,NO,0,0,12,48
1868,22:45:01.181,10.8,1,NO,0,0,12,48
1869,22:45:01.212,32.7,1,NO,0,0,12,48
1870,22:45:01.319,9.3,2,NO,0,0,12,48
1871,22:45:01.382,15.9,2,NO,0,0,12,49
1872,22:45:01.496,8.7,2,NO,0,0,12,48
1873,22:45:01.529,31.1,2,NO,0,0,12,48
1874,22:45:01.637,9.2,2,NO,0,0,12,48
1875,22:45:01.664,37.2,2,NO,0,0,12,48
1876,22:45:01.776,8.9,2,NO,0,0,12,48
1877,22:45:01.852,13.5,2,NO,0,0,12,48
1878,22:45:01.956,9.4,2,NO,0,0,12,48
1879,22:45:02.004,21.0,2,NO,0,0,12,48
1880,22:45:02.115,9.0,0,NO,0,0,12,48
1881,22:45:02.160,22.5,0,NO,0,0,12,48
1882,22:45:02.271,9.0,0,NO,0,0,12,48
1883,22:45:02.312,24.5,0,NO,0,0,12,48
1884,22:45:02.434,8.3,0,NO,0,0,12,48
1885,22:45:02.499,15.3,0,NO,0,0,12,47
1886,22:45:02.605,9.3,0,NO,0,0,12,47
1887,22:45:02.645,25.2,0,NO,0,0,12,47
1888,22:45:02.783,7.2,0,NO,0,0,12,46
1889,22:45:02.847,16.0,0,NO,0,0,12,46
1890,22:45:02.965,8.5,2,NO,0,0,12,46
1891,22:45:03.013,20.7,2,NO,0,0,12,45
1892,22:45:03.118,9.5,2,NO,0,0,12,45
1893,22:45:03.156,26.0,2,NO,0,0,12,45
1894,22:45:03.295,7.2,2,NO,0,0,12,45
1895,22:45:03.328,30.7,2,NO,0,0,12,45
1896,22:45:03.445,8.5,2,NO,0,0,12,45
1897,22:45:03.539,10.7,2,NO,0,0,12,45
1898,22:45:03.653,8.7,2,NO,0,0,12,45
1899,22:45:03.693,24.6,2,NO,0,0,12,44
1900,22:45:03.814,8.2,1,NO,0,0,12,44
1901,22:45:03.848,30.0,1,NO,0,0,12,44
1902,22:45:03.948,9.9,1,NO,0,0,12,43
1903,22:45:03.993,22.7,1,NO,0,0,12,43
1904,22:45:04.096,9.7,1,NO,0,0,12,43
1905,22:45:04.154,17.3,1,NO,0,0,12,43
1906,22:45:04.250,10.4,1,NO,0,0,12,43
1907,22:45:04.322,14.0,1,NO,0,0,12,43
1908,22:45:04.427,9.5,1,NO,0,0,12,44
1909,22:45:04.493,15.1,1,NO,0,0,12,44
1910,22:45:04.653,6.3,1,NO,0,0,12,43
1911,22:45:04.692,25.3,1,NO,0,0,12,43
1912,22:45:04.817,8.0,1,NO,0,0,12,43
1913,22:45:04.858,24.7,1,NO,0,0,12,43
1914,22:45:04.959,9.8,1,NO,0,0,12,43
1915,22:45:04.998,25.6,1,NO,0,0,12,43
1916,22:45:05.099,9.9,1,NO,0,0,12,42
1917,22:45:05.148,20.4,1,NO,0,0,12,42
1918,22:45:05.260,8.9,1,NO,0,0,12,40
1919,22:45:05.296,28.5,1,NO,0,0,12,40
1920,22:45:05.417,8.2,1,NO,0,0,12,40
1921,22:45:05.472,18.2,1,NO,0,0,12,39
1922,22:45:05.578,9.4,1,NO,0,0,12,39
1923,22:45:05.653,13.6,1,NO,0,0,12,39
1924,22:45:05.757,9.4,1,NO,0,0,12,39
1925,22:45:05.803,21.8,1,NO,0,0,12,39
1926,22:45:05.934,7.7,1,NO,0,0,12,40
1927,22:45:05.985,19.2,1,NO,0,0,12,40
1928,22:45:06.094,9.2,1,NO,0,0,12,40
1929,22:45:06.123,34.2,1,NO,0,0,12,39
1930,22:45:06.223,10.1,1,NO,0,0,12,39
1931,22:45:06.279,17.6,1,NO,0,0,12,39
1932,22:45:06.412,7.6,1,NO,0,0,12,38
1933,22:45:06.463,19.5,1,NO,0,0,12,38
1934,22:45:06.572,9.2,1,NO,0,0,12,38
1935,22:45:06.637,15.2,1,NO,0,0,12,38
1936,22:45:06.811,5.8,1,NO,0,0,12,38
1937,22:45:06.850,25.3,1,NO,0,0,12,39
1938,22:45:06.957,9.4,1,NO,0,0,12,39
1939,22:45:07.002,22.0,1,NO,0,0,12,39
1940,22:45:07.122,8.4,2,NO,0,0,12,39
1941,22:45:07.157,28.4,2,NO,0,0,12,39
1942,22:45:07.299,7.1,2,NO,0,0,12,40
1943,22:45:07.331,31.2,2,NO,0,0,12,40
1944,22:45:07.440,9.2,2,NO,0,0,12,40
1945,22:45:07.514,13.6,2,NO,0,0,12,40
1946,22:45:07.638,8.0,2,NO,0,0,12,40
1947,22:45:07.699,16.5,2,NO,0,0,12,41
1948,22:45:07.829,7.7,2,NO,0,0,12,41
1949,22:45:07.873,22.9,2,NO,0,0,12,41
1950,22:45:08.019,6.8,1,NO,0,0,12,41
1951,22:45:08.063,22.7,1,NO,0,0,12,42
1952,22:45:08.174,9.0,1,NO,0,0,12,42
1953,22:45:08.222,20.8,1,NO,0,0,12,42
1954,22:45:08.337,8.7,1,NO,0,0,12,42
1955,22:45:08.371,30.2,1,NO,0,0,12,43
1956,22:45:08.505,7.5,1,NO,0,0,12,43
1957,22:45:08.571,15.1,1,NO,0,0,12,43
1958,22:45:08.698,7.9,1,NO,0,0,12,43
1959,22:45:08.771,13.7,1,NO,0,0,12,43
1960,22:45:08.905,7.5,0,NO,0,0,12,43
1961,22:45:08.953,20.8,0,NO,0,0,12,43
1962,22:45:09.063,9.1,0,NO,0,0,12,43
1963,22:45:09.111,20.9,0,NO,0,0,12,43
1964,22:45:09.225,8.7,0,NO,0,0,12,43
1965,22:45:09.258,29.9,0,NO,0,0,12,43
1966,22:45:09.385,7.9,0,NO,0,0,12,43
1967,22:45:09.427,23.4,0,NO,0,0,12,43
1968,22:45:09.547,8.4,0,NO,0,0,12,44
1969,22:45:09.600,18.8,0,NO,0,0,12,44
1970,22:45:09.723,8.1,1,NO,0,0,12,44
1971,22:45:09.773,20.4,1,NO,0,0,12,44
1972,22:45:09.885,8.9,1,NO,0,0,12,44
1973,22:45:09.922,27.3,1,NO,0,0,12,44
1974,22:45:10.056,7.4,1,NO,0,0,12,44
1975,22:45:10.090,29.9,1,NO,0,0,12,44
1976,22:45:10.220,7.7,1,NO,0,0,12,44
1977,22:45:10.252,31.6,1,NO,0,0,12,44
1978,22:45:10.363,9.0,1,NO,0,0,12,44
1979,22:45:10.408,22.0,1,NO,0,0,12,44
1980,22:45:10.577,5.9,1,NO,0,0,12,44
1981,22:45:10.630,18.7,1,NO,0,0,12,44
1982,22:45:10.754,8.1,1,NO,0,0,12,45
1983,22:45:10.801,20.9,1,NO,0,0,12,45
1984,22:45:10.930,7.8,1,NO,0,0,12,45
1985,22:45:10.962,30.9,1,NO,0,0,12,45
1986,22:45:11.070,9.2,1,NO,0,0,12,45
1987,22:45:11.122,19.8,1,NO,0,0,12,45
1988,22:45:11.226,9.5,1,NO,0,0,12,45
1989,22:45:11.277,19.7,1,NO,0,0,12,45
1990,22:45:11.397,8.3,1,NO,0,0,12,45
1991,22:45:11.459,16.6,1,NO,0,0,12,46
1992,22:45:11.575,8.6,1,NO,0,0,12,46
1993,22:45:11.625,19.7,1,NO,0,0,12,46
1994,22:45:11.726,9.9,1,NO,0,0,12,46
1995,22:45:11.796,14.6,1,NO,0,0,12,46
1996,22:45:11.903,9.3,1,NO,0,0,12,46
1997,22:45:11.955,19.4,1,NO,0,0,12,46
1998,22:45:12.078,8.1,1,NO,0,0,12,46
1999,22:45:12.108,33.5,1,NO,0,0,12,46
2000,22:45:12.220,8.9,3,NO,0,0,12,46
2001,22:45:12.268,21.2,3,NO,0,0,12,46
2002,22:45:12.384,8.6,3,NO,0,0,12,46
2003,22:45:12.430,21.5,3,NO,0,0,12,46
2004,22:45:12.541,9.0,3,NO,0,0,12,46
2005,22:45:12.594,18.9,3,NO,0,0,12,46
2006,22:45:12.695,9.8,3,NO,0,0,12,46
2007,22:45:12.746,19.6,3,NO,0,0,12,46
2008,22:45:12.872,8.0,3,NO,0,0,12,46
2009,22:45:12.915,23.3,3,NO,0,0,12,46
2010,22:45:13.023,9.2,2,NO,0,0,12,46
2011,22:45:13.062,26.4,2,NO,0,0,12,46
2012,22:45:13.149,11.4,2,NO,0,0,12,46
2013,22:45:13.198,20.3,2,NO,0,0,12,46
2014,22:45:13.294,10.5,2,NO,0,0,12,46
2015,22:45:13.357,16.3,2,NO,0,0,12,46
2016,22:45:13.497,7.1,2,NO,0,0,12,47
2017,22:45:13.536,25.8,2,NO,0,0,12,47
2018,22:45:13.650,8.8,2,NO,0,0,12,47
2019,22:45:13.684,28.8,2,NO,0,0,12,47
2020,22:45:13.866,5.5,1,NO,0,0,12,47
2021,22:45:13.906,24.8,1,NO,0,0,12,47
2022,22:45:14.015,9.2,1,NO,0,0,12,47
2023,22:45:14.046,31.7,1,NO,0,0,12,48
2024,22:45:14.131,11.8,1,NO,0,0,12,48
2025,22:45:14.179,20.9,1,NO,0,0,12,48
2026,22:45:14.277,10.1,1,NO,0,0,12,48
2027,22:45:14.316,26.3,1,NO,0,0,12,48
2028,22:45:14.417,9.8,1,NO,0,0,12,48
2029,22:45:14.450,29.9,1,NO,0,0,12,48
2030,22:45:14.551,9.9,2,NO,0,0,12,48
2031,22:45:14.624,13.9,2,NO,0,0,12,48
2032,22:45:14.719,10.4,2,NO,0,0,12,48
2033,22:45:14.789,14.4,2,NO,0,0,12,48
2034,22:45:14.909,8.3,2,NO,0,0,12,48
2035,22:45:14.986,13.1,2,NO,0,0,12,48
2036,22:45:15.086,9.9,2,NO,0,0,12,48
2037,22:45:15.125,24.9,2,NO,0,0,12,48
2038,22:45:15.231,9.5,2,NO,0,0,12,48
2039,22:45:15.259,35.2,2,NO,0,0,12,48
2040,22:45:15.362,9.8,1,NO,0,0,12,48
2041,22:45:15.408,21.8,1,NO,0,0,12,48
2042,22:45:15.566,6.3,1,NO,0,0,12,48
2043,22:45:15.638,13.9,1,NO,0,0,12,48
2044,22:45:15.740,9.8,1,NO,0,0,12,49
2045,22:45:15.785,21.8,1,NO,0,0,12,49
2046,22:45:15.904,8.4,1,NO,0,0,12,49
2047,22:45:15.939,28.4,1,NO,0,0,12,49
2048,22:45:16.046,9.3,1,NO,0,0,12,49
2049,22:45:16.074,36.2,1,NO,0,0,12,49
2050,22:45:16.176,9.8,2,NO,0,0,12,49
2051,22:45:16.217,25.0,2,NO,0,0,12,49
2052,22:45:16.347,7.6,2,NO,0,0,12,49
2053,22:45:16.394,21.4,2,NO,0,0,12,49
2054,22:45:16.515,8.3,2,NO,0,0,12,49
2055,22:45:16.577,16.2,2,NO,0,0,12,50
2056,22:45:16.702,8.0,2,NO,0,0,12,50
2057,22:45:16.780,12.8,2,NO,0,0,12,50
2058,22:45:16.893,8.8,2,NO,0,0,12,50
2059,22:45:16.929,27.8,2,NO,0,0,12,50
2060,22:45:17.067,7.2,1,NO,0,0,12,50
2061,22:45:17.113,22.6,1,NO,0,0,12,50
2062,22:45:17.210,10.1,1,NO,0,0,12,50
2063,22:45:17.246,28.1,1,NO,0,0,12,50
2064,22:45:17.349,9.7,1,NO,0,0,12,50
2065,22:45:17.394,22.7,1,NO,0,0,12,50
2066,22:45:17.504,9.1,1,NO,0,0,12,50
2067,22:45:17.553,20.0,1,NO,0,0,12,50
2068,22:45:17.652,10.1,1,NO,0,0,12,50
2069,22:45:17.710,17.4,1,NO,0,0,12,50
2070,22:45:17.847,7.3,2,NO,0,0,12,50
2071,22:45:17.886,26.0,2,NO,0,0,12,50
2072,22:45:18.016,7.7,2,NO,0,0,12,50
2073,22:45:18.057,24.8,2,NO,0,0,12,50
2074,22:45:18.167,9.1,2,NO,0,0,12,50
2075,22:45:18.213,22.0,2,NO,0,0,12,50
2076,22:45:18.323,9.1,2,NO,0,0,12,50
2077,22:45:18.376,18.7,2,NO,0,0,12,50
2078,22:45:18.470,10.6,2,NO,0,0,12,51
2079,22:45:18.501,32.0,2,NO,0,0,12,51
2080,22:45:18.618,8.6,2,NO,0,0,12,51
2081,22:45:18.692,13.5,2,NO,0,0,12,51
2082,22:45:18.805,8.8,2,NO,0,0,12,51
2083,22:45:18.848,23.0,2,NO,0,0,12,51
2084,22:45:18.962,8.8,2,NO,0,0,12,51
2085,22:45:19.014,19.4,2,NO,0,0,12,51
2086,22:45:19.105,10.9,2,NO,0,0,12,52
2087,22:45:19.152,22.0,2,NO,0,0,12,51
2088,22:45:19.242,11.1,2,NO,0,0,12,52
2089,22:45:19.288,21.4,2,NO,0,0,12,52
2090,22:45:19.427,7.2,1,NO,0,0,12,52
2091,22:45:19.487,16.7,1,NO,0,0,12,52
2092,22:45:19.597,9.2,1,NO,0,0,12,52
2093,22:45:19.638,24.1,1,NO,0,0,12,52
2094,22:45:19.733,10.4,1,NO,0,0,12,51
2095,22:45:19.771,26.5,1,NO,0,0,12,51
2096,22:45:19.897,7.9,1,NO,0,0,12,51
2097,22:45:19.933,27.9,1,NO,0,0,12,51
2098,22:45:20.045,9.0,1,NO,0,0,12,51
2099,22:45:20.085,24.4,1,NO,0,0,12,51
2100,22:45:20.204,8.5,1,NO,0,0,12,51
2101,22:45:20.246,23.3,1,NO,0,0,12,51
2102,22:45:20.383,7.4,1,NO,0,0,12,51
2103,22:45:20.437,18.1,1,NO,0,0,12,51
2104,22:45:20.555,8.5,1,NO,0,0,12,51
2105,22:45:20.592,26.8,1,NO,0,0,12,51
2106,22:45:20.742,6.7,1,NO,0,0,12,51
2107,22:45:20.800,17.5,1,NO,0,0,12,51
2108,22:45:20.928,7.8,1,NO,0,0,12,51
2109,22:45:20.954,37.6,1,NO,0,0,12,51
2110,22:45:21.105,6.6,1,NO,0,0,12,51
2111,22:45:21.152,21.5,1,NO,0,0,12,51
2112,22:45:21.258,9.5,1,NO,0,0,12,51
2113,22:45:21.340,12.2,1,NO,0,0,12,51
2114,22:45:21.449,9.2,1,NO,0,0,12,51
2115,22:45:21.483,28.6,1,NO,0,0,12,51
2116,22:45:21.577,10.6,1,NO,0,0,12,51
2117,22:45:21.608,33.6,1,NO,0,0,12,51
2118,22:45:21.710,9.8,1,NO,0,0,12,51
2119,22:45:21.765,18.1,1,NO,0,0,12,51
2120,22:45:21.892,7.9,1,NO,0,0,12,51
2121,22:45:21.920,35.6,1,NO,0,0,12,51
2122,22:45:22.009,11.2,1,NO,0,0,12,51
2123,22:45:22.041,31.2,1,NO,0,0,12,51
2124,22:45:22.123,12.2,1,NO,0,0,12,51
2125,22:45:22.158,28.6,1,NO,0,0,12,51
2126,22:45:22.264,9.4,1,NO,0,0,12,51
2127,22:45:22.293,35.2,1,NO,0,0,12,51
2128,22:45:22.411,8.4,1,NO,0,0,12,51
2129,22:45:22.458,21.5,1,NO,0,0,12,51
2130,22:45:22.590,7.6,2,NO,0,0,12,51
2131,22:45:22.632,23.7,2,NO,0,0,12,51
2132,22:45:22.758,7.9,2,NO,0,0,12,51
2133,22:45:22.804,21.6,2,NO,0,0,12,51
2134,22:45:22.911,9.4,2,NO,0,0,12,51
2135,22:45:22.967,17.7,2,NO,0,0,12,51
2136,22:45:23.085,8.5,2,NO,0,0,12,51
2137,22:45:23.120,29.0,2,NO,0,0,12,51
2138,22:45:23.200,12.4,2,NO,0,0,12,50
2139,22:45:23.230,34.0,2,NO,0,0,12,50
2140,22:45:23.369,7.1,3,NO,0,0,12,50
2141,22:45:23.402,31.3,3,NO,0,0,12,50
2142,22:45:23.503,9.9,3,NO,0,0,12,50
2143,22:45:23.543,25.0,3,NO,0,0,12,50
2144,22:45:23.684,7.1,3,NO,0,0,12,50
2145,22:45:23.742,17.3,3,NO,0,0,12,50
2146,22:45:23.846,9.6,3,NO,0,0,12,50
2147,22:45:23.883,27.1,3,NO,0,0,12,50
2148,22:45:23.991,9.3,3,NO,0,0,12,50
2149,22:45:24.046,18.0,3,NO,0,0,12,51
2150,22:45:24.156,9.1,1,NO,0,0,12,51
2151,22:45:24.205,20.7,1,NO,0,0,12,51
2152,22:45:24.353,6.7,1,NO,0,0,12,51
2153,22:45:24.424,14.1,1,NO,0,0,12,51
2154,22:45:24.536,9.0,1,NO,0,0,12,51
2155,22:45:24.578,23.5,1,NO,0,0,12,51
2156,22:45:24.706,7.8,1,NO,0,0,12,51
2157,22:45:24.750,22.5,1,NO,0,0,12,51
2158,22:45:24.883,7.5,1,NO,0,0,12,51
2159,22:45:24.925,23.5,1,NO,0,0,12,51
2160,22:45:25.061,7.4,3,NO,0,0,12,51
2161,22:45:25.102,24.6,3,NO,0,0,12,51
2162,22:45:25.212,9.0,3,NO,0,0,12,51
2163,22:45:25.255,23.3,3,NO,0,0,12,51
2164,22:45:25.402,6.8,3,NO,0,0,12,51
2165,22:45:25.453,19.8,3,NO,0,0,12,51
2166,22:45:25.604,6.6,3,NO,0,0,12,51
2167,22:45:25.637,30.1,3,NO,0,0,12,51
2168,22:45:25.757,8.3,3,NO,0,0,12,51
2169,22:45:25.801,23.0,3,NO,0,0,12,51
2170,22:45:25.929,7.8,1,NO,0,0,12,51
2171,22:45:25.976,21.7,1,NO,0,0,12,51
2172,22:45:26.089,8.8,1,NO,0,0,12,51
2173,22:45:26.133,23.0,1,NO,0,0,12,51
2174,22:45:26.235,9.7,1,NO,0,0,12,52
2175,22:45:26.290,18.5,1,NO,0,0,12,51
2176,22:45:26.402,8.9,1,NO,0,0,12,52
2177,22:45:26.434,31.2,1,NO,0,0,12,52
2178,22:45:26.534,10.1,1,NO,0,0,12,52
2179,22:45:26.584,20.0,1,NO,0,0,12,52
2180,22:45:26.695,9.1,1,NO,0,0,12,52
2181,22:45:26.736,24.3,1,NO,0,0,12,52
2182,22:45:26.845,9.1,1,NO,0,0,12,52
2183,22:45:26.887,23.9,1,NO,0,0,12,52
2184,22:45:26.989,9.9,1,NO,0,0,12,52
2185,22:45:27.044,17.8,1,NO,0,0,12,53
2186,22:45:27.159,8.7,1,NO,0,0,12,53
2187,22:45:27.207,21.1,1,NO,0,0,12,53
2188,22:45:27.321,8.7,1,NO,0,0,12,53
2189,22:45:27.361,25.0,1,NO,0,0,12,53
2190,22:45:27.501,7.2,0,NO,0,0,12,54
2191,22:45:27.538,27.2,0,NO,0,0,12,54
2192,22:45:27.680,7.0,0,NO,0,0,12,54
2193,22:45:27.722,23.4,0,NO,0,0,12,54
2194,22:45:27.854,7.7,0,NO,0,0,12,54
2195,22:45:27.901,20.9,0,NO,0,0,12,54
2196,22:45:28.013,8.9,0,NO,0,0,12,54
2197,22:45:28.039,38.6,0,NO,0,0,12,54
2198,22:45:28.127,11.4,0,NO,0,0,12,54
2199,22:45:28.174,21.1,0,NO,0,0,12,55
2200,22:45:28.311,7.3,1,NO,0,0,12,55
2201,22:45:28.364,18.9,1,NO,0,0,12,55
2202,22:45:28.482,8.5,1,NO,0,0,12,55
2203,22:45:28.518,27.5,1,NO,0,0,12,55
2204,22:45:28.621,9.8,1,NO,0,0,12,55
2205,22:45:28.650,35.1,1,NO,0,0,12,55
2206,22:45:28.752,9.7,1,NO,0,0,12,55
2207,22:45:28.804,19.2,1,NO,0,0,12,55
2208,22:45:28.929,8.1,1,NO,0,0,12,55
2209,22:45:28.978,20.1,1,NO,0,0,12,55
2210,22:45:29.104,8.0,1,NO,0,0,12,55
2211,22:45:29.144,25.0,1,NO,0,0,12,55
2212,22:45:29.252,9.2,1,NO,0,0,12,55
2213,22:45:29.283,31.9,1,NO,0,0,12,55
2214,22:45:29.414,7.7,1,NO,0,0,12,55
2215,22:45:29.467,18.8,1,NO,0,0,12,55
2216,22:45:29.576,9.1,1,NO,0,0,12,55
2217,22:45:29.619,23.0,1,NO,0,0,12,55
2218,22:45:29.720,9.9,1,NO,0,0,12,55
2219,22:45:29.772,19.5,1,NO,0,0,12,55
2220,22:45:29.906,7.4,1,NO,0,0,12,55
2221,22:45:29.964,17.3,1,NO,0,0,12,55
2222,22:45:30.068,9.6,1,NO,0,0,12,55
2223,22:45:30.116,20.8,1,NO,0,0,12,56
2224,22:45:30.209,10.7,1,NO,0,0,12,56
2225,22:45:30.253,23.4,1,NO,0,0,12,56
2226,22:45:30.368,8.7,1,NO,0,0,12,55
2227,22:45:30.407,25.1,1,NO,0,0,12,55
2228,22:45:30.506,10.0,1,NO,0,0,12,55
2229,22:45:30.552,22.6,1,NO,0,0,12,55
2230,22:45:30.738,5.4,3,NO,0,0,12,55
2231,22:45:30.805,14.9,3,NO,0,0,12,54
2232,22:45:30.934,7.8,3,NO,0,0,12,55
2233,22:45:30.964,33.7,3,NO,0,0,12,55
2234,22:45:31.056,10.7,3,NO,0,0,12,55
2235,22:45:31.099,23.6,3,NO,0,0,12,55
2236,22:45:31.215,8.7,3,NO,0,0,12,55
2237,22:45:31.249,29.5,3,NO,0,0,12,55
2238,22:45:31.365,8.5,3,NO,0,0,12,54
2239,22:45:31.403,26.6,3,NO,0,0,12,54
2240,22:45:31.513,9.2,1,NO,0,0,12,54
2241,22:45:31.548,29.1,1,NO,0,0,12,54
2242,22:45:31.657,9.1,1,NO,0,0,12,54
2243,22:45:31.708,19.4,1,NO,0,0,12,54
2244,22:45:31.843,7.4,1,NO,0,0,12,53
2245,22:45:31.893,19.8,1,NO,0,0,12,53
2246,22:45:32.041,6.8,1,NO,0,0,12,52
2247,22:45:32.075,29.6,1,NO,0,0,12,52
2248,22:45:32.204,7.8,1,NO,0,0,12,52
2249,22:45:32.260,17.9,1,NO,0,0,12,51
2250,22:45:32.393,7.5,2,NO,0,0,12,50
2251,22:45:32.474,12.4,2,NO,0,0,12,50
2252,22:45:32.585,8.9,2,NO,0,0,12,50
2253,22:45:32.652,15.2,2,NO,0,0,12,50
2254,22:45:32.757,9.5,2,NO,0,0,12,50
2255,22:45:32.799,23.5,2,NO,0,0,12,50
2256,22:45:32.931,7.6,2,NO,0,0,12,49
2257,22:45:33.015,12.1,2,NO,0,0,12,49
2258,22:45:33.126,8.9,2,NO,0,0,12,49
2259,22:45:33.162,28.0,2,NO,0,0,12,49
2260,22:45:33.305,7.0,1,NO,0,0,12,49
2261,22:45:33.357,19.0,1,NO,0,0,12,49
2262,22:45:33.482,8.0,1,NO,0,0,12,48
2263,22:45:33.533,19.8,1,NO,0,0,12,48
2264,22:45:33.661,7.7,1,NO,0,0,12,48
2265,22:45:33.726,15.7,1,NO,0,0,12,48
2266,22:45:33.853,7.8,1,NO,0,0,12,48
2267,22:45:33.890,27.7,1,NO,0,0,12,47
2268,22:45:34.012,8.2,1,NO,0,0,12,47
2269,22:45:34.058,21.6,1,NO,0,0,12,47
2270,22:45:34.184,8.0,3,NO,0,0,12,47
2271,22:45:34.229,22.1,3,NO,0,0,12,47
2272,22:45:34.347,8.5,3,NO,0,0,12,46
2273,22:45:34.439,10.8,3,NO,0,0,12,47
2274,22:45:34.550,9.0,3,NO,0,0,12,47
2275,22:45:34.595,22.2,3,NO,0,0,12,47
2276,22:45:34.718,8.1,3,NO,0,0,12,47
2277,22:45:34.754,28.5,3,NO,0,0,12,47
2278,22:45:34.875,8.2,3,NO,0,0,12,47
2279,22:45:34.913,26.7,3,NO,0,0,12,47
2280,22:45:35.046,7.5,2,NO,0,0,12,46
2281,22:45:35.084,27.0,2,NO,0,0,12,47
2282,22:45:35.184,9.9,2,NO,0,0,12,46
2283,22:45:35.229,22.7,2,NO,0,0,12,46
2284,22:45:35.355,8.0,2,NO,0,0,12,46
2285,22:45:35.405,19.4,2,NO,0,0,12,46
2286,22:45:35.521,8.7,2,NO,0,0,12,46
2287,22:45:35.576,18.0,2,NO,0,0,12,46
2288,22:45:35.687,9.0,2,NO,0,0,12,46
2289,22:45:35.726,25.7,2,NO,0,0,12,46
2290,22:45:35.869,7.0,2,NO,0,0,12,46
2291,22:45:35.940,14.0,2,NO,0,0,12,46
2292,22:45:36.050,9.1,2,NO,0,0,12,46
2293,22:45:36.083,30.5,2,NO,0,0,12,46
2294,22:45:36.177,10.6,2,NO,0,0,12,46
2295,22:45:36.212,28.9,2,NO,0,0,12,45
2296,22:45:36.331,8.4,2,NO,0,0,12,45
2297,22:45:36.361,32.4,2,NO,0,0,12,45
2298,22:45:36.455,10.7,2,NO,0,0,12,45
2299,22:45:36.490,28.3,2,NO,0,0,12,45
2300,22:45:36.675,5.4,1,NO,0,0,12,45
2301,22:45:36.713,26.3,1,NO,0,0,12,45
2302,22:45:36.824,9.0,1,NO,0,0,12,45
2303,22:45:36.894,14.2,1,NO,0,0,12,45
2304,22:45:37.007,8.9,1,NO,0,0,12,45
2305,22:45:37.038,32.0,1,NO,0,0,12,45
2306,22:45:37.131,10.8,1,NO,0,0,12,46
2307,22:45:37.177,21.5,1,NO,0,0,12,45
2308,22:45:37.284,9.4,1,NO,0,0,12,45
2309,22:45:37.331,21.7,1,NO,0,0,12,45
2310,22:45:37.457,7.9,1,NO,0,0,12,45
2311,22:45:37.495,26.6,1,NO,0,0,12,45
2312,22:45:37.646,6.7,1,NO,0,0,12,45
2313,22:45:37.677,31.1,1,NO,0,0,12,45
2314,22:45:37.795,8.5,1,NO,0,0,12,45
2315,22:45:37.826,32.7,1,NO,0,0,12,45
2316,22:45:37.943,8.5,1,NO,0,0,12,45
2317,22:45:37.981,26.5,1,NO,0,0,12,45
2318,22:45:38.113,7.6,1,NO,0,0,12,45
2319,22:45:38.162,20.3,1,NO,0,0,12,45
2320,22:45:38.295,7.6,2,NO,0,0,12,45
2321,22:45:38.352,17.7,2,NO,0,0,12,44
2322,22:45:38.472,8.3,2,NO,0,0,12,44
2323,22:45:38.516,22.0,2,NO,0,0,12,44
2324,22:45:38.645,7.8,2,NO,0,0,12,44
2325,22:45:38.692,21.8,2,NO,0,0,12,44
2326,22:45:38.807,8.7,2,NO,0,0,12,43
2327,22:45:38.855,20.8,2,NO,0,0,12,43
2328,22:45:38.976,8.3,2,NO,0,0,12,43
2329,22:45:39.025,20.0,2,NO,0,0,12,44
2330,22:45:39.149,8.1,2,NO,0,0,12,44
2331,22:45:39.200,19.8,2,NO,0,0,12,44
2332,22:45:39.307,9.3,2,NO,0,0,12,44
2333,22:45:39.352,22.6,2,NO,0,0,12,44
2334,22:45:39.450,10.1,2,NO,0,0,12,44
2335,22:45:39.489,25.7,2,NO,0,0,12,45
2336,22:45:39.628,7.2,2,NO,0,0,12,45
2337,22:45:39.696,14.8,2,NO,0,0,12,45
2338,22:45:39.804,9.2,2,NO,0,0,12,45
2339,22:45:39.853,20.9,2,NO,0,0,12,45
2340,22:45:39.975,8.2,1,NO,0,0,12,45
2341,22:45:40.027,19.2,1,NO,0,0,12,45
2342,22:45:40.144,8.5,1,NO,0,0,12,45
2343,22:45:40.188,22.8,1,NO,0,0,12,45
2344,22:45:40.301,8.9,1,NO,0,0,12,45
2345,22:45:40.364,15.8,1,NO,0,0,12,45
2346,22:45:40.491,7.9,1,NO,0,0,12,45
2347,22:45:40.533,23.9,1,NO,0,0,12,45
2348,22:45:40.648,8.7,1,NO,0,0,12,45
2349,22:45:40.692,23.2,1,NO,0,0,12,45
2350,22:45:40.821,7.8,1,NO,0,0,12,45
2351,22:45:40.875,18.5,1,NO,0,0,12,45
2352,22:45:40.996,8.2,1,NO,0,0,12,45
2353,22:45:41.029,30.7,1,NO,0,0,12,45
2354,22:45:41.118,11.2,1,NO,0,0,12,45
2355,22:45:41.159,24.1,1,NO,0,0,12,45
2356,22:45:41.267,9.3,1,NO,0,0,12,45
2357,22:45:41.306,25.8,1,NO,0,0,12,46
2358,22:45:41.422,8.5,1,NO,0,0,12,46
2359,22:45:41.470,21.1,1,NO,0,0,12,45
2360,22:45:41.595,8.0,0,NO,0,0,12,45
2361,22:45:41.628,30.2,0,NO,0,0,12,45
2362,22:45:41.748,8.3,0,NO,0,0,12,45
2363,22:45:41.781,30.0,0,NO,0,0,12,45
2364,22:45:41.910,7.8,0,NO,0,0,12,45
2365,22:45:41.954,22.7,0,NO,0,0,12,44
2366,22:45:42.041,11.5,0,NO,0,0,12,44
2367,22:45:42.088,21.1,0,NO,0,0,12,44
2368,22:45:42.197,9.2,0,NO,0,0,12,43
2369,22:45:42.229,31.2,0,NO,0,0,12,43
2370,22:45:42.375,6.9,2,NO,0,0,12,43
2371,22:45:42.424,20.2,2,NO,0,0,12,43
2372,22:45:42.545,8.2,2,NO,0,0,12,43
2373,22:45:42.629,12.1,2,NO,0,0,12,43
2374,22:45:42.739,9.0,2,NO,0,0,12,43
2375,22:45:42.782,23.3,2,NO,0,0,12,43
2376,22:45:42.901,8.4,2,NO,0,0,12,43
2377,22:45:42.942,24.9,2,NO,0,0,12,43
2378,22:45:43.053,9.0,2,NO,0,0,12,43
2379,22:45:43.086,29.9,2,NO,0,0,12,43
2380,22:45:43.203,8.5,2,NO,0,0,12,43
2381,22:45:43.246,23.4,2,NO,0,0,12,43
2382,22:45:43.369,8.2,2,NO,0,0,12,43
2383,22:45:43.424,18.2,2,NO,0,0,12,42
2384,22:45:43.563,7.2,2,NO,0,0,12,42
2385,22:45:43.612,20.3,2,NO,0,0,12,42
2386,22:45:43.729,8.6,2,NO,0,0,12,42
2387,22:45:43.766,27.0,2,NO,0,0,12,42
2388,22:45:43.878,8.9,2,NO,0,0,12,42
2389,22:45:43.923,22.6,2,NO,0,0,12,42
2390,22:45:44.092,5.9,1,NO,0,0,12,41
2391,22:45:44.140,20.8,1,NO,0,0,12,41
2392,22:45:44.252,9.0,1,NO,0,0,12,41
2393,22:45:44.331,12.6,1,NO,0,0,12,41
2394,22:45:44.440,9.2,1,NO,0,0,12,41
2395,22:45:44.474,29.7,1,NO,0,0,12,42
2396,22:45:44.594,8.4,1,NO,0,0,12,43
2397,22:45:44.629,28.0,1,NO,0,0,12,44
2398,22:45:44.749,8.3,1,NO,0,0,12,44
2399,22:45:44.786,27.2,1,NO,0,0,12,45
2400,22:45:44.934,6.7,1,NO,0,0,12,45
2401,22:45:44.995,16.5,1,NO,0,0,12,46
2402,22:45:45.105,9.0,1,NO,0,0,12,46
2403,22:45:45.136,32.8,1,NO,0,0,12,46
2404,22:45:45.241,9.6,1,NO,0,0,12,46
2405,22:45:45.283,23.7,1,NO,0,0,12,46
2406,22:45:45.403,8.2,1,NO,0,0,12,47
2407,22:45:45.461,17.4,1,NO,0,0,12,47
2408,22:45:45.577,8.6,1,NO,0,0,12,47
2409,22:45:45.611,29.9,1,NO,0,0,12,48
2410,22:45:45.754,7.0,1,NO,0,0,12,49
2411,22:45:45.803,20.4,1,NO,0,0,12,49
2412,22:45:45.942,7.2,1,NO,0,0,12,50
2413,22:45:45.976,29.4,1,NO,0,0,12,50
2414,22:45:46.081,9.5,1,NO,0,0,12,50
2415,22:45:46.121,24.8,1,NO,0,0,12,50
2416,22:45:46.212,11.0,1,NO,0,0,12,50
2417,22:45:46.238,38.4,1,NO,0,0,12,50
2418,22:45:46.326,11.3,1,NO,0,0,12,50
2419,22:45:46.356,33.5,1,NO,0,0,12,50
2420,22:45:46.464,9.2,2,NO,0,0,12,49
2421,22:45:46.526,16.3,2,NO,0,0,12,49
2422,22:45:46.605,12.6,2,NO,0,0,12,49
2423,22:45:46.647,23.5,2,NO,0,0,12,50
2424,22:45:46.726,12.7,2,NO,0,0,12,50
2425,22:45:46.759,30.4,2,NO,0,0,12,50
2426,22:45:46.865,9.4,2,NO,0,0,12,50
2427,22:45:46.906,25.0,2,NO,0,0,12,50
2428,22:45:47.023,8.5,2,NO,0,0,12,50
2429,22:45:47.063,25.1,2,NO,0,0,12,50
2430,22:45:47.184,8.3,2,NO,0,0,12,50
2431,22:45:47.212,35.3,2,NO,0,0,12,50
2432,22:45:47.291,12.6,2,NO,0,0,12,51
2433,22:45:47.323,31.5,2,NO,0,0,12,51
2434,22:45:47.420,10.3,2,NO,0,0,12,51
2435,22:45:47.474,18.4,2,NO,0,0,12,51
2436,22:45:47.560,11.7,2,NO,0,0,12,51
2437,22:45:47.591,32.7,2,NO,0,0,12,51
2438,22:45:47.670,12.5,2,NO,0,0,12,51
2439,22:45:47.710,25.6,2,NO,0,0,12,51
2440,22:45:47.809,10.0,2,NO,0,0,12,51
2441,22:45:47.855,21.7,2,NO,0,0,12,51
2442,22:45:47.950,10.6,2,NO,0,0,12,51
2443,22:45:47.980,33.3,2,NO,0,0,12,51
2444,22:45:48.092,8.9,2,NO,0,0,12,51
2445,22:45:48.126,28.9,2,NO,0,0,12,51
2446,22:45:48.220,10.7,2,NO,0,0,12,52
2447,22:45:48.262,24.0,2,NO,0,0,12,52
2448,22:45:48.362,9.9,2,NO,0,0,12,52
2449,22:45:48.410,21.1,2,NO,0,0,12,52
2450,22:45:48.525,8.7,1,NO,0,0,12,51
2451,22:45:48.562,27.0,1,NO,0,0,12,51
2452,22:45:48.676,8.8,1,NO,0,0,12,51
2453,22:45:48.729,19.0,1,NO,0,0,12,51
2454,22:45:48.828,10.1,1,NO,0,0,12,51
2455,22:45:48.896,14.8,1,NO,0,0,12,51
2456,22:45:49.003,9.3,1,NO,0,0,12,51
2457,22:45:49.038,28.9,1,NO,0,0,12,51
2458,22:45:49.118,12.5,1,NO,0,0,12,51
2459,22:45:49.148,33.9,1,NO,0,0,12,50
2460,22:45:49.247,10.1,1,NO,0,0,12,50
2461,22:45:49.273,37.3,1,NO,0,0,12,50
2462,22:45:49.365,11.0,1,NO,0,0,12,50
2463,22:45:49.408,23.1,1,NO,0,0,12,50
2464,22:45:49.524,8.6,1,NO,0,0,12,50
2465,22:45:49.559,28.8,1,NO,0,0,12,50
2466,22:45:49.643,12.0,1,NO,0,0,12,50
2467,22:45:49.709,15.2,1,NO,0,0,12,50
2468,22:45:49.836,7.8,1,NO,0,0,12,50
2469,22:45:49.882,22.1,1,NO,0,0,12,50
2470,22:45:50.006,8.0,3,NO,0,0,12,49
2471,22:45:50.055,20.2,3,NO,0,0,12,49
2472,22:45:50.155,10.1,3,NO,0,0,12,49
2473,22:45:50.206,19.7,3,NO,0,0,12,48
2474,22:45:50.300,10.5,3,NO,0,0,12,48
2475,22:45:50.333,31.3,3,NO,0,0,12,48
2476,22:45:50.442,9.1,3,NO,0,0,12,48
2477,22:45:50.492,19.7,3,NO,0,0,12,48
2478,22:45:50.613,8.3,3,NO,0,0,12,48
2479,22:45:50.646,30.2,3,NO,0,0,12,47
2480,22:45:50.750,9.5,1,NO,0,0,12,47
2481,22:45:50.784,29.9,1,NO,0,0,12,47
2482,22:45:50.864,12.4,1,NO,0,0,12,47
2483,22:45:50.900,28.4,1,NO,0,0,12,47
2484,22:45:51.002,9.8,1,NO,0,0,12,47
2485,22:45:51.038,27.5,1,NO,0,0,12,47
2486,22:45:51.142,9.6,1,NO,0,0,12,46
2487,22:45:51.185,23.3,1,NO,0,0,12,46
2488,22:45:51.287,9.8,1,NO,0,0,12,46
2489,22:45:51.318,32.0,1,NO,0,0,12,45
2490,22:45:51.416,10.1,1,NO,0,0,12,45
2491,22:45:51.477,16.8,1,NO,0,0,12,45
2492,22:45:51.580,9.7,1,NO,0,0,12,45
2493,22:45:51.624,22.5,1,NO,0,0,12,45
2494,22:45:51.722,10.3,1,NO,0,0,12,44
2495,22:45:51.762,24.6,1,NO,0,0,12,43
2496,22:45:51.871,9.2,1,NO,0,0,12,42
2497,22:45:51.907,28.1,1,NO,0,0,12,42
2498,22:45:52.023,8.6,1,NO,0,0,12,42
2499,22:45:52.057,30.0,1,NO,0,0,12,43
2500,22:45:52.170,8.8,1,NO,0,0,12,42
2501,22:45:52.220,20.1,1,NO,0,0,12,42
2502,22:45:52.338,8.5,1,NO,0,0,12,42
2503,22:45:52.418,12.4,1,NO,0,0,12,42
2504,22:45:52.535,8.6,1,NO,0,0,12,42
2505,22:45:52.583,20.9,1,NO,0,0,12,42
2506,22:45:52.688,9.5,1,NO,0,0,12,41
2507,22:45:52.722,29.3,1,NO,0,0,12,41
2508,22:45:52.806,11.9,1,NO,0,0,12,41
2509,22:45:52.877,14.1,1,NO,0,0,12,41
2510,22:45:52.978,9.9,4,NO,0,0,12,42
2511,22:45:53.005,37.0,4,NO,0,0,12,42
2512,22:45:53.094,11.2,4,NO,0,0,12,42
2513,22:45:53.132,26.1,4,NO,0,0,12,42
2514,22:45:53.224,10.9,4,NO,0,0,12,41
2515,22:45:53.263,25.1,4,NO,0,0,12,42
2516,22:45:53.364,10.0,4,NO,0,0,12,42
2517,22:45:53.427,15.8,4,NO,0,0,12,42
2518,22:45:53.537,9.1,4,NO,0,0,12,41
2519,22:45:53.564,37.0,4,NO,0,0,12,41
2520,22:45:53.681,8.5,2,NO,0,0,12,41
2521,22:45:53.728,21.6,2,NO,0,0,12,41
2522,22:45:53.853,8.0,2,NO,0,0,12,41
2523,22:45:53.887,29.7,2,NO,0,0,12,41
2524,22:45:53.980,10.6,2,NO,0,0,12,41
2525,22:45:54.039,16.9,2,NO,0,0,12,41
2526,22:45:54.141,9.8,2,NO,0,0,12,41
2527,22:45:54.169,35.7,2,NO,0,0,12,41
2528,22:45:54.247,12.8,2,NO,0,0,12,41
2529,22:45:54.280,30.2,2,NO,0,0,12,41
2530,22:45:54.406,8.0,0,NO,0,0,12,41
2531,22:45:54.445,24.9,0,NO,0,0,12,42
2532,22:45:54.556,9.1,0,NO,0,0,12,41
2533,22:45:54.604,20.7,0,NO,0,0,12,41
2534,22:45:54.730,7.9,0,NO,0,0,12,41
2535,22:45:54.768,26.5,0,NO,0,0,12,41
2536,22:45:54.861,10.7,0,NO,0,0,12,41
2537,22:45:54.944,12.1,0,NO,0,0,12,42
2538,22:45:55.041,10.2,0,NO,0,0,12,42
2539,22:45:55.089,21.1,0,NO,0,0,12,42
2540,22:45:55.202,8.8,1,NO,0,0,12,42
2541,22:45:55.229,37.6,1,NO,0,0,12,42
2542,22:45:55.342,8.9,1,NO,0,0,12,42
2543,22:45:55.380,26.5,1,NO,0,0,12,41
2544,22:45:55.470,11.0,1,NO,0,0,12,41
2545,22:45:55.504,29.8,1,NO,0,0,12,41
2546,22:45:55.618,8.8,1,NO,0,0,12,41
2547,22:45:55.669,19.5,1,NO,0,0,12,41
2548,22:45:55.774,9.5,1,NO,0,0,12,42
2549,22:45:55.826,19.5,1,NO,0,0,12,42
2550,22:45:55.981,6.4,2,NO,0,0,12,42
2551,22:45:56.023,23.8,2,NO,0,0,12,42
2552,22:45:56.104,12.3,2,NO,0,0,12,42
2553,22:45:56.161,17.7,2,NO,0,0,12,43
2554,22:45:56.276,8.7,2,NO,0,0,12,43
2555,22:45:56.361,11.6,2,NO,0,0,12,43
2556,22:45:56.478,8.6,2,NO,0,0,12,44
2557,22:45:56.505,35.8,2,NO,0,0,12,45
2558,22:45:56.653,6.8,2,NO,0,0,12,45
2559,22:45:56.688,29.0,2,NO,0,0,12,46
2560,22:45:56.836,6.7,1,NO,0,0,12,46
2561,22:45:56.872,28.7,1,NO,0,0,12,47
2562,22:45:56.983,8.9,1,NO,0,0,12,47
2563,22:45:57.043,16.7,1,NO,0,0,12,47
2564,22:45:57.145,9.8,1,NO,0,0,12,48
2565,22:45:57.189,23.1,1,NO,0,0,12,49
2566,22:45:57.309,8.3,1,NO,0,0,12,49
2567,22:45:57.389,12.6,1,NO,0,0,12,50
2568,22:45:57.504,8.7,1,NO,0,0,12,51
2569,22:45:57.571,14.8,1,NO,0,0,12,51
2570,22:45:57.701,7.7,1,NO,0,0,12,51
2571,22:45:57.738,26.1,1,NO,0,0,12,50
2572,22:45:57.880,7.1,1,NO,0,0,12,50
2573,22:45:57.935,18.5,1,NO,0,0,12,50
2574,22:45:58.041,9.4,1,NO,0,0,12,50
2575,22:45:58.096,17.9,1,NO,0,0,12,50
2576,22:45:58.203,9.4,1,NO,0,0,12,50
2577,22:45:58.246,22.7,1,NO,0,0,12,50
2578,22:45:58.362,8.7,1,NO,0,0,12,50
2579,22:45:58.394,31.2,1,NO,0,0,12,50
2580,22:45:58.534,7.2,0,NO,0,0,12,50
2581,22:45:58.568,29.2,0,NO,0,0,12,50
2582,22:45:58.676,9.2,0,NO,0,0,12,50
2583,22:45:58.711,28.9,0,NO,0,0,12,50
2584,22:45:58.847,7.4,0,NO,0,0,12,50
2585,22:45:58.904,17.4,0,NO,0,0,12,50
2586,22:45:59.015,9.0,0,NO,0,0,12,50
2587,22:45:59.063,20.8,0,NO,0,0,12,50
2588,22:45:59.174,9.0,0,NO,0,0,12,50
2589,22:45:59.214,25.2,0,NO,0,0,12,50
2590,22:45:59.345,7.7,1,NO,0,0,12,50
2591,22:45:59.406,16.5,1,NO,0,0,12,50
2592,22:45:59.522,8.5,1,NO,0,0,12,50
2593,22:45:59.571,20.8,1,NO,0,0,12,50
2594,22:45:59.678,9.3,1,NO,0,0,12,50
2595,22:45:59.725,21.9,1,NO,0,0,12,50
2596,22:45:59.849,8.0,1,NO,0,0,12,50
2597,22:45:59.883,29.7,1,NO,0,0,12,50
2598,22:45:59.994,9.0,1,NO,0,0,12,50
2599,22:46:00.026,31.2,1,NO,0,0,12,50
2600,22:46:00.137,9.0,0,NO,0,0,12,49
2601,22:46:00.185,20.8,0,NO,0,0,12,49
2602,22:46:00.283,10.2,0,NO,0,0,12,49
2603,22:46:00.323,25.2,0,NO,0,0,12,48
2604,22:46:00.417,10.6,0,NO,0,0,12,48
2605,22:46:00.451,30.4,0,NO,0,0,12,48
2606,22:46:00.551,10.0,0,NO,0,0,12,47
2607,22:46:00.594,22.8,0,NO,0,0,12,47
2608,22:46:00.700,9.4,0,NO,0,0,12,47
2609,22:46:00.747,21.5,0,NO,0,0,12,47
2610,22:46:00.858,8.9,1,NO,0,0,12,48
2611,22:46:00.886,36.7,1,NO,0,0,12,48
2612,22:46:00.995,9.2,1,NO,0,0,12,48
2613,22:46:01.037,23.9,1,NO,0,0,12,48
2614,22:46:01.140,9.7,1,NO,0,0,12,48
2615,22:46:01.192,19.4,1,NO,0,0,12,48
2616,22:46:01.291,10.2,1,NO,0,0,12,48
2617,22:46:01.336,21.7,1,NO,0,0,12,48
2618,22:46:01.444,9.3,1,NO,0,0,12,48
2619,22:46:01.496,19.5,1,NO,0,0,12,48
2620,22:46:01.622,7.9,2,NO,0,0,12,48
2621,22:46:01.662,25.2,2,NO,0,0,12,49
2622,22:46:01.773,9.0,2,NO,0,0,12,49
2623,22:46:01.811,26.3,2,NO,0,0,12,49
2624,22:46:01.924,8.9,2,NO,0,0,12,50
2625,22:46:01.984,16.5,2,NO,0,0,12,50
2626,22:46:02.100,8.6,2,NO,0,0,12,50
2627,22:46:02.154,18.4,2,NO,0,0,12,51
2628,22:46:02.267,8.9,2,NO,0,0,12,51
2629,22:46:02.309,23.1,2,NO,0,0,12,50
2630,22:46:02.466,6.4,1,NO,0,0,12,50
2631,22:46:02.515,20.4,1,NO,0,0,12,51
2632,22:46:02.636,8.3,1,NO,0,0,12,51
2633,22:46:02.673,26.6,1,NO,0,0,12,51
2634,22:46:02.788,8.7,1,NO,0,0,12,51
2635,22:46:02.845,17.8,1,NO,0,0,12,50
2636,22:46:02.950,9.4,1,NO,0,0,12,50
2637,22:46:02.994,23.1,1,NO,0,0,12,51
2638,22:46:03.101,9.3,1,NO,0,0,12,50
2639,22:46:03.154,18.9,1,NO,0,0,12,50
2640,22:46:03.276,8.2,3,NO,0,0,12,50
2641,22:46:03.311,28.6,3,NO,0,0,12,50
2642,22:46:03.425,8.8,3,NO,0,0,12,50
2643,22:46:03.460,28.8,3,NO,0,0,12,50
2644,22:46:03.580,8.3,3,NO,0,0,12,50
2645,22:46:03.618,25.9,3,NO,0,0,12,50
2646,22:46:03.766,6.8,3,NO,0,0,12,50
2647,22:46:03.805,25.2,3,NO,0,0,12,50
2648,22:46:03.930,8.0,3,NO,0,0,12,50
2649,22:46:03.985,18.2,3,NO,0,0,12,50
2650,22:46:04.112,7.9,2,NO,0,0,12,50
2651,22:46:04.145,30.2,2,NO,0,0,12,51
2652,22:46:04.234,11.2,2,NO,0,0,12,51
2653,22:46:04.274,25.0,2,NO,0,0,12,51
2654,22:46:04.401,7.9,2,NO,0,0,12,51
2655,22:46:04.438,27.2,2,NO,0,0,12,51
2656,22:46:04.543,9.5,2,NO,0,0,12,51
2657,22:46:04.622,12.9,2,NO,0,0,12,51
2658,22:46:04.734,8.9,2,NO,0,0,12,52
2659,22:46:04.795,16.7,2,NO,0,0,12,52
2660,22:46:04.926,7.6,1,NO,0,0,12,52
2661,22:46:04.952,37.7,1,NO,0,0,12,52
2662,22:46:05.043,10.9,1,NO,0,0,12,52
2663,22:46:05.087,23.5,1,NO,0,0,12,51
2664,22:46:05.191,9.5,1,NO,0,0,12,51
2665,22:46:05.221,33.8,1,NO,0,0,12,51
2666,22:46:05.311,11.1,1,NO,0,0,12,50
2667,22:46:05.350,25.4,1,NO,0,0,12,50
2668,22:46:05.475,8.0,1,NO,0,0,12,49
2669,22:46:05.517,24.1,1,NO,0,0,12,48
2670,22:46:05.632,8.7,0,NO,0,0,12,48
2671,22:46:05.698,15.0,0,NO,0,0,12,48
2672,22:46:05.816,8.6,0,NO,0,0,12,47
2673,22:46:05.890,13.4,0,NO,0,0,12,47
2674,22:46:05.976,11.6,0,NO,0,0,12,47
2675,22:46:06.014,26.4,0,NO,0,0,12,47
2676,22:46:06.117,9.7,0,NO,0,0,12,47
2677,22:46:06.162,21.8,0,NO,0,0,12,46
2678,22:46:06.267,9.5,0,NO,0,0,12,46
2679,22:46:06.343,13.2,0,NO,0,0,12,46
2680,22:46:06.472,7.7,1,NO,0,0,12,46
2681,22:46:06.522,20.0,1,NO,0,0,12,46
2682,22:46:06.659,7.3,1,NO,0,0,12,46
2683,22:46:06.717,17.2,1,NO,0,0,12,46
2684,22:46:06.830,8.9,1,NO,0,0,12,46
2685,22:46:06.868,26.2,1,NO,0,0,12,46
2686,22:46:07.013,6.9,1,NO,0,0,12,46
2687,22:46:07.060,20.7,1,NO,0,0,12,45
2688,22:46:07.164,9.7,1,NO,0,0,12,45
2689,22:46:07.217,18.6,1,NO,0,0,12,46
2690,22:46:07.350,7.6,1,NO,0,0,12,46
2691,22:46:07.378,36.1,1,NO,0,0,12,46
2692,22:46:07.477,10.0,1,NO,0,0,12,46
2693,22:46:07.537,16.6,1,NO,0,0,12,46
2694,22:46:07.649,9.0,1,NO,0,0,12,45
2695,22:46:07.683,29.2,1,NO,0,0,12,45
2696,22:46:07.805,8.2,1,NO,0,0,12,46
2697,22:46:07.853,20.6,1,NO,0,0,12,46
2698,22:46:07.988,7.4,1,NO,0,0,12,46
2699,22:46:08.042,18.5,1,NO,0,0,12,46
2700,22:46:08.155,8.8,3,NO,0,0,12,46
2701,22:46:08.209,18.7,3,NO,0,0,12,46
2702,22:46:08.310,9.9,3,NO,0,0,12,46
2703,22:46:08.378,14.9,3,NO,0,0,12,46
2704,22:46:08.482,9.5,3,NO,0,0,12,46
2705,22:46:08.531,20.3,3,NO,0,0,12,46
2706,22:46:08.646,8.7,3,NO,0,0,12,46
2707,22:46:08.704,17.4,3,NO,0,0,12,46
2708,22:46:08.822,8.5,3,NO,0,0,12,46
2709,22:46:08.872,19.7,3,NO,0,0,12,46
2710,22:46:09.008,7.4,2,NO,0,0,12,46
2711,22:46:09.046,25.8,2,NO,0,0,12,46
2712,22:46:09.138,10.9,2,NO,0,0,12,46
2713,22:46:09.182,23.0,2,NO,0,0,12,46
2714,22:46:09.281,10.1,2,NO,0,0,12,46
2715,22:46:09.308,36.2,2,NO,0,0,12,46
2716,22:46:09.404,10.5,2,NO,0,0,12,46
2717,22:46:09.435,31.3,2,NO,0,0,12,46
2718,22:46:09.516,12.4,2,NO,0,0,12,46
2719,22:46:09.546,33.7,2,NO,0,0,12,46
2720,22:46:09.652,9.4,1,NO,0,0,12,45
2721,22:46:09.686,29.7,1,NO,0,0,12,45
2722,22:46:09.787,9.8,1,NO,0,0,12,46
2723,22:46:09.828,24.9,1,NO,0,0,12,45
2724,22:46:09.921,10.8,1,NO,0,0,12,45
2725,22:46:09.954,30.2,1,NO,0,0,12,45
2726,22:46:10.048,10.6,1,NO,0,0,12,45
2727,22:46:10.085,27.3,1,NO,0,0,12,45
2728,22:46:10.193,9.3,1,NO,0,0,12,44
2729,22:46:10.222,34.5,1,NO,0,0,12,44
2730,22:46:10.365,7.0,2,NO,0,0,12,44
2731,22:46:10.414,20.6,2,NO,0,0,12,44
2732,22:46:10.535,8.3,2,NO,0,0,12,44
2733,22:46:10.590,18.1,2,NO,0,0,12,44
2734,22:46:10.693,9.7,2,NO,0,0,12,44
2735,22:46:10.736,23.6,2,NO,0,0,12,44
2736,22:46:10.815,12.6,2,NO,0,0,12,44
2737,22:46:10.842,36.9,2,NO,0,0,12,44
2738,22:46:10.930,11.5,2,NO,0,0,12,44
2739,22:46:10.981,19.6,2,NO,0,0,12,44
2740,22:46:11.087,9.4,3,NO,0,0,12,43
2741,22:46:11.139,19.1,3,NO,0,0,12,43
2742,22:46:11.252,8.9,3,NO,0,0,12,43
2743,22:46:11.284,31.5,3,NO,0,0,12,43
2744,22:46:11.407,8.1,3,NO,0,0,12,43
2745,22:46:11.451,22.5,3,NO,0,0,12,43
2746,22:46:11.580,7.8,3,NO,0,0,12,43
2747,22:46:11.613,30.5,3,NO,0,0,12,44
2748,22:46:11.753,7.1,3,NO,0,0,12,43
2749,22:46:11.782,34.0,3,NO,0,0,12,43
2750,22:46:11.902,8.3,3,NO,0,0,12,43
2751,22:46:11.938,28.0,3,NO,0,0,12,43
2752,22:46:12.048,9.1,3,NO,0,0,12,43
2753,22:46:12.105,17.4,3,NO,0,0,12,43
2754,22:46:12.204,10.2,3,NO,0,0,12,43
2755,22:46:12.250,21.5,3,NO,0,0,12,43
2756,22:46:12.359,9.2,3,NO,0,0,12,44
2757,22:46:12.432,13.8,3,NO,0,0,12,44
2758,22:46:12.576,6.9,3,NO,0,0,12,44
2759,22:46:12.607,32.2,3,NO,0,0,12,44
2760,22:46:12.718,9.0,3,NO,0,0,12,44
2761,22:46:12.748,33.5,3,NO,0,0,12,44
2762,22:46:12.849,10.0,3,NO,0,0,12,44
2763,22:46:12.907,17.2,3,NO,0,0,12,44
2764,22:46:13.031,8.0,3,NO,0,0,12,44
2765,22:46:13.065,29.8,3,NO,0,0,12,44
2766,22:46:13.176,8.9,3,NO,0,0,12,44
2767,22:46:13.229,19.1,3,NO,0,0,12,44
2768,22:46:13.332,9.7,3,NO,0,0,12,44
2769,22:46:13.379,21.4,3,NO,0,0,12,44
2770,22:46:13.521,7.0,2,NO,0,0,12,44
2771,22:46:13.560,25.7,2,NO,0,0,12,44
2772,22:46:13.685,8.0,2,NO,0,0,12,45
2773,22:46:13.718,30.2,2,NO,0,0,12,44
2774,22:46:13.839,8.2,2,NO,0,0,12,44
2775,22:46:13.869,33.7,2,NO,0,0,12,44
2776,22:46:13.978,9.1,2,NO,0,0,12,44
2777,22:46:14.009,33.1,2,NO,0,0,12,44
2778,22:46:14.118,9.1,2,NO,0,0,12,44
2779,22:46:14.154,28.3,2,NO,0,0,12,44
2780,22:46:14.267,8.8,1,NO,0,0,12,44
2781,22:46:14.306,25.6,1,NO,0,0,12,44
2782,22:46:14.425,8.5,1,NO,0,0,12,43
2783,22:46:14.462,26.9,1,NO,0,0,12,44
2784,22:46:14.570,9.2,1,NO,0,0,12,44
2785,22:46:14.606,28.8,1,NO,0,0,12,44
2786,22:46:14.748,7.0,1,NO,0,0,12,44
2787,22:46:14.787,26.1,1,NO,0,0,12,43
2788,22:46:14.905,8.5,1,NO,0,0,12,43
2789,22:46:14.938,29.7,1,NO,0,0,12,43
2790,22:46:15.079,7.1,1,NO,0,0,12,43
2791,22:46:15.124,22.4,1,NO,0,0,12,43
2792,22:46:15.208,11.7,1,NO,0,0,12,43
2793,22:46:15.257,20.7,1,NO,0,0,12,43
2794,22:46:15.361,9.6,1,NO,0,0,12,43
2795,22:46:15.414,19.1,1,NO,0,0,12,43
2796,22:46:15.515,9.8,1,NO,0,0,12,43
2797,22:46:15.572,17.8,1,NO,0,0,12,43
2798,22:46:15.710,7.2,1,NO,0,0,12,43
2799,22:46:15.761,19.7,1,NO,0,0,12,43
2800,22:46:15.919,6.3,1,NO,0,0,12,43
2801,22:46:15.970,19.7,1,NO,0,0,12,43
2802,22:46:16.096,7.9,1,NO,0,0,12,43
2803,22:46:16.143,21.7,1,NO,0,0,12,43
2804,22:46:16.258,8.6,1,NO,0,0,12,43
2805,22:46:16.304,22.6,1,NO,0,0,12,43
2806,22:46:16.419,8.6,1,NO,0,0,12,43
2807,22:46:16.471,19.3,1,NO,0,0,12,43
2808,22:46:16.603,7.5,1,NO,0,0,12,43
2809,22:46:16.637,29.6,1,NO,0,0,12,43
2810,22:46:16.778,7.1,1,NO,0,0,12,43
2811,22:46:16.810,31.2,1,NO,0,0,12,43
2812,22:46:16.935,8.0,1,NO,0,0,12,43
2813,22:46:16.986,20.0,1,NO,0,0,12,42
2814,22:46:17.083,10.1,1,NO,0,0,12,42
2815,22:46:17.126,23.3,1,NO,0,0,12,42
2816,22:46:17.234,9.3,1,NO,0,0,12,42
2817,22:46:17.278,23.1,1,NO,0,0,12,42
2818,22:46:17.417,7.2,1,NO,0,0,12,42
2819,22:46:17.458,25.0,1,NO,0,0,12,42
2820,22:46:17.596,7.2,1,NO,0,0,12,42
2821,22:46:17.639,23.8,1,NO,0,0,12,42
2822,22:46:17.774,7.4,1,NO,0,0,12,42
2823,22:46:17.826,19.3,1,NO,0,0,12,42
2824,22:46:17.956,7.7,1,NO,0,0,12,42
2825,22:46:17.991,27.8,1,NO,0,0,12,43
2826,22:46:18.113,8.2,1,NO,0,0,12,43
2827,22:46:18.168,18.2,1,NO,0,0,12,43
2828,22:46:18.277,9.2,1,NO,0,0,12,43
2829,22:46:18.319,23.8,1,NO,0,0,12,43
2830,22:46:18.458,7.2,2,NO,0,0,12,43
2831,22:46:18.516,17.3,2,NO,0,0,12,43
2832,22:46:18.634,8.5,2,NO,0,0,12,43
2833,22:46:18.695,16.7,2,NO,0,0,12,43
2834,22:46:18.808,8.7,2,NO,0,0,12,43
2835,22:46:18.852,22.9,2,NO,0,0,12,43
2836,22:46:18.988,7.4,2,NO,0,0,12,43
2837,22:46:19.023,28.2,2,NO,0,0,12,43
2838,22:46:19.150,7.8,2,NO,0,0,12,43
2839,22:46:19.195,22.0,2,NO,0,0,12,43
2840,22:46:19.323,7.9,1,NO,0,0,12,43
2841,22:46:19.380,17.4,1,NO,0,0,12,43
2842,22:46:19.496,8.7,1,NO,0,0,12,43
2843,22:46:19.546,19.9,1,NO,0,0,12,43
2844,22:46:19.687,7.1,1,NO,0,0,12,43
2845,22:46:19.733,22.0,1,NO,0,0,12,43
2846,22:46:19.843,9.1,1,NO,0,0,12,42
2847,22:46:19.890,21.3,1,NO,0,0,12,42
2848,22:46:20.013,8.1,1,NO,0,0,12,43
2849,22:46:20.061,21.2,1,NO,0,0,12,43
2850,22:46:20.193,7.5,1,NO,0,0,12,43
2851,22:46:20.225,32.7,1,NO,0,0,12,42
2852,22:46:20.325,9.9,1,NO,0,0,12,42
2853,22:46:20.365,25.4,1,NO,0,0,12,42
2854,22:46:20.459,10.5,1,NO,0,0,12,43
2855,22:46:20.499,25.6,1,NO,0,0,12,43
2856,22:46:20.606,9.4,1,NO,0,0,12,43
2857,22:46:20.680,13.4,1,NO,0,0,12,43
2858,22:46:20.803,8.1,1,NO,0,0,12,43
2859,22:46:20.845,24.2,1,NO,0,0,12,43
2860,22:46:20.975,7.6,2,NO,0,0,12,43
2861,22:46:21.008,30.9,2,NO,0,0,12,43
2862,22:46:21.096,11.4,2,NO,0,0,12,43
2863,22:46:21.142,21.4,2,NO,0,0,12,43
2864,22:46:21.251,9.2,2,NO,0,0,12,43
2865,22:46:21.295,23.0,2,NO,0,0,12,43
2866,22:46:21.396,9.8,2,NO,0,0,12,43
2867,22:46:21.433,27.3,2,NO,0,0,12,43
2868,22:46:21.549,8.7,2,NO,0,0,12,43
2869,22:46:21.590,24.3,2,NO,0,0,12,43
2870,22:46:21.744,6.5,0,NO,0,0,12,43
2871,22:46:21.778,29.2,0,NO,0,0,12,43
2872,22:46:21.932,6.6,0,NO,0,0,12,43
2873,22:46:21.985,18.6,0,NO,0,0,12,43
2874,22:46:22.087,9.8,0,NO,0,0,12,43
2875,22:46:22.126,25.2,0,NO,0,0,12,42
2876,22:46:22.216,11.2,0,NO,0,0,12,42
2877,22:46:22.244,35.7,0,NO,0,0,12,43
2878,22:46:22.371,7.8,0,NO,0,0,12,42
2879,22:46:22.402,32.3,0,NO,0,0,12,42
2880,22:46:22.501,10.1,0,NO,0,0,12,42
2881,22:46:22.529,36.3,0,NO,0,0,12,43
2882,22:46:22.619,11.1,0,NO,0,0,12,43
2883,22:46:22.651,30.7,0,NO,0,0,12,42
2884,22:46:22.750,10.2,0,NO,0,0,12,42
2885,22:46:22.788,26.0,0,NO,0,0,12,43
2886,22:46:22.905,8.5,0,NO,0,0,12,42
2887,22:46:22.966,16.6,0,NO,0,0,12,42
2888,22:46:23.086,8.4,0,NO,0,0,12,43
2889,22:46:23.130,22.4,0,NO,0,0,12,43
2890,22:46:23.258,7.8,1,NO,0,0,12,43
2891,22:46:23.311,19.1,1,NO,0,0,12,43
2892,22:46:23.425,8.7,1,NO,0,0,12,43
2893,22:46:23.469,23.0,1,NO,0,0,12,43
2894,22:46:23.592,8.1,1,NO,0,0,12,43
2895,22:46:23.634,23.8,1,NO,0,0,12,43
2896,22:46:23.822,5.4,1,NO,0,0,12,43
2897,22:46:23.861,25.5,1,NO,0,0,12,43
2898,22:46:23.975,8.7,1,NO,0,0,12,43
2899,22:46:24.040,15.5,1,NO,0,0,12,43
2900,22:46:24.171,7.6,1,NO,0,0,12,43
2901,22:46:24.207,27.9,1,NO,0,0,12,43
2902,22:46:24.329,8.2,1,NO,0,0,12,43
2903,22:46:24.358,34.8,1,NO,0,0,12,43
2904,22:46:24.471,8.9,1,NO,0,0,12,43
2905,22:46:24.515,22.4,1,NO,0,0,12,43
2906,22:46:24.636,8.2,1,NO,0,0,12,43
2907,22:46:24.676,25.6,1,NO,0,0,12,43
2908,22:46:24.798,8.2,1,NO,0,0,12,43
2909,22:46:24.855,17.8,1,NO,0,0,12,42
2910,22:46:24.979,8.0,2,NO,0,0,12,42
2911,22:46:25.024,23.0,2,NO,0,0,12,42
2912,22:46:25.135,8.9,2,NO,0,0,12,42
2913,22:46:25.178,23.0,2,NO,0,0,12,42
2914,22:46:25.279,9.9,2,NO,0,0,12,42
2915,22:46:25.328,20.5,2,NO,0,0,12,42
2916,22:46:25.477,6.7,2,NO,0,0,12,42
2917,22:46:25.515,26.6,2,NO,0,0,12,42
2918,22:46:25.633,8.4,2,NO,0,0,12,42
2919,22:46:25.670,27.8,2,NO,0,0,12,42
2920,22:46:25.777,9.3,2,NO,0,0,12,42
2921,22:46:25.820,23.0,2,NO,0,0,12,42
2922,22:46:25.919,10.2,2,NO,0,0,12,42
2923,22:46:25.965,22.0,2,NO,0,0,12,42
2924,22:46:26.067,9.7,2,NO,0,0,12,42
2925,22:46:26.103,27.9,2,NO,0,0,12,42
2926,22:46:26.191,11.4,2,NO,0,0,12,42
2927,22:46:26.230,25.4,2,NO,0,0,12,43
2928,22:46:26.320,11.2,2,NO,0,0,12,43
2929,22:46:26.350,33.5,2,NO,0,0,12,43
2930,22:46:26.472,8.2,1,NO,0,0,12,43
2931,22:46:26.513,24.4,1,NO,0,0,12,43
2932,22:46:26.669,6.4,1,NO,0,0,12,43
2933,22:46:26.722,19.3,1,NO,0,0,12,43
2934,22:46:26.818,10.3,1,NO,0,0,12,43
2935,22:46:26.892,13.6,1,NO,0,0,12,43
2936,22:46:26.981,11.2,1,NO,0,0,12,43
2937,22:46:27.029,20.7,1,NO,0,0,12,43
2938,22:46:27.127,10.2,1,NO,0,0,12,42
2939,22:46:27.184,17.5,1,NO,0,0,12,42
2940,22:46:27.282,10.3,1,NO,0,0,12,42
2941,22:46:27.333,19.3,1,NO,0,0,12,42
2942,22:46:27.459,8.0,1,NO,0,0,12,42
2943,22:46:27.530,13.8,1,NO,0,0,12,42
2944,22:46:27.668,7.3,1,NO,0,0,12,42
2945,22:46:27.703,27.9,1,NO,0,0,12,42
2946,22:46:27.828,8.0,1,NO,0,0,12,42
2947,22:46:27.864,27.8,1,NO,0,0,12,42
2948,22:46:27.990,7.9,1,NO,0,0,12,42
2949,22:46:28.042,19.5,1,NO,0,0,12,42
2950,22:46:28.170,7.8,1,NO,0,0,12,42
2951,22:46:28.213,23.0,1,NO,0,0,12,42
2952,22:46:28.324,9.0,1,NO,0,0,12,42
2953,22:46:28.366,23.9,1,NO,0,0,12,42
2954,22:46:28.495,7.8,1,NO,0,0,12,42
2955,22:46:28.539,22.7,1,NO,0,0,12,42
2956,22:46:28.649,9.0,1,NO,0,0,12,42
2957,22:46:28.697,20.8,1,NO,0,0,12,42
2958,22:46:28.799,9.9,1,NO,0,0,12,42
2959,22:46:28.834,28.2,1,NO,0,0,12,42
2960,22:46:28.942,9.2,2,NO,0,0,12,42
2961,22:46:28.987,22.7,2,NO,0,0,12,42
2962,22:46:29.099,9.0,2,NO,0,0,12,42
2963,22:46:29.153,18.4,2,NO,0,0,12,42
2964,22:46:29.258,9.5,2,NO,0,0,12,42
2965,22:46:29.302,22.8,2,NO,0,0,12,42
2966,22:46:29.430,7.8,2,NO,0,0,12,42
2967,22:46:29.473,23.3,2,NO,0,0,12,42
2968,22:46:29.585,8.9,2,NO,0,0,12,42
2969,22:46:29.637,19.2,2,NO,0,0,12,42
2970,22:46:29.778,7.1,1,NO,0,0,12,42
2971,22:46:29.828,19.8,1,NO,0,0,12,42
2972,22:46:29.946,8.6,1,NO,0,0,12,42
2973,22:46:30.003,17.1,1,NO,0,0,12,42
2974,22:46:30.106,9.7,1,NO,0,0,12,42
2975,22:46:30.148,24.1,1,NO,0,0,12,42
2976,22:46:30.237,11.3,1,NO,0,0,12,42
2977,22:46:30.274,27.5,1,NO,0,0,12,42
2978,22:46:30.408,7.4,1,NO,0,0,12,42
2979,22:46:30.440,31.6,1,NO,0,0,12,42
2980,22:46:30.571,7.6,2,NO,0,0,12,42
2981,22:46:30.620,20.5,2,NO,0,0,12,42
2982,22:46:30.746,7.9,2,NO,0,0,12,42
2983,22:46:30.819,13.8,2,NO,0,0,12,42
2984,22:46:30.934,8.7,2,NO,0,0,12,42
2985,22:46:30.965,32.1,2,NO,0,0,12,42
2986,22:46:31.089,8.1,2,NO,0,0,12,42
2987,22:46:31.142,18.6,2,NO,0,0,12,42
2988,22:46:31.259,8.6,2,NO,0,0,12,42
2989,22:46:31.292,30.7,2,NO,0,0,12,42
2990,22:46:31.415,8.1,1,NO,0,0,12,42
2991,22:46:31.458,22.9,1,NO,0,0,12,42
2992,22:46:31.593,7.4,1,NO,0,0,12,42
2993,22:46:31.633,24.8,1,NO,0,0,12,42
2994,22:46:31.765,7.6,1,NO,0,0,12,42
2995,22:46:31.824,16.9,1,NO,0,0,12,41
2996,22:46:31.955,7.7,1,NO,0,0,12,41
2997,22:46:31.983,34.1,1,NO,0,0,12,41
2998,22:46:32.097,8.9,1,NO,0,0,12,41
2999,22:46:32.157,16.6,1,NO,0,0,12,41
3000,22:46:32.278,8.3,1,NO,0,0,12,41
3001,22:46:32.339,16.3,1,NO,0,0,12,41
3002,22:46:32.455,8.6,1,NO,0,0,12,41
3003,22:46:32.486,33.0,1,NO,0,0,12,41
3004,22:46:32.593,9.3,1,NO,0,0,12,41
3005,22:46:32.656,16.1,1,NO,0,0,12,40
3006,22:46:32.758,9.8,1,NO,0,0,12,40
3007,22:46:32.792,28.4,1,NO,0,0,12,40
3008,22:46:32.885,10.8,1,NO,0,0,12,40
3009,22:46:32.961,13.2,1,NO,0,0,12,40
3010,22:46:33.072,9.0,1,NO,0,0,12,40
3011,22:46:33.112,25.1,1,NO,0,0,12,40
3012,22:46:33.220,9.2,1,NO,0,0,12,40
3013,22:46:33.254,29.5,1,NO,0,0,12,40
3014,22:46:33.373,8.4,1,NO,0,0,12,40
3015,22:46:33.406,30.0,1,NO,0,0,12,40
3016,22:46:33.485,12.7,1,NO,0,0,12,40
3017,22:46:33.516,32.5,1,NO,0,0,12,40
3018,22:46:33.597,12.5,1,NO,0,0,12,40
3019,22:46:33.634,26.7,1,NO,0,0,12,40
3020,22:46:33.773,7.2,1,NO,0,0,12,40
3021,22:46:33.830,17.4,1,NO,0,0,12,40
3022,22:46:33.940,9.1,1,NO,0,0,12,40
3023,22:46:33.982,23.9,1,NO,0,0,12,40
3024,22:46:34.060,12.8,1,NO,0,0,12,39
3025,22:46:34.092,31.5,1,NO,0,0,12,38
3026,22:46:34.186,10.6,1,NO,0,0,12,37
3027,22:46:34.225,26.5,1,NO,0,0,12,36
3028,22:46:34.366,7.0,1,NO,0,0,12,35
3029,22:46:34.413,21.2,1,NO,0,0,12,35
3030,22:46:34.553,7.2,2,NO,0,0,12,35
3031,22:46:34.607,18.5,2,NO,0,0,12,35
3032,22:46:34.709,9.8,2,NO,0,0,12,35
3033,22:46:34.766,17.6,2,NO,0,0,12,35
3034,22:46:34.892,7.9,2,NO,0,0,12,35
3035,22:46:34.943,19.5,2,NO,0,0,12,35
3036,22:46:35.055,9.0,2,NO,0,0,12,35
3037,22:46:35.084,34.1,2,NO,0,0,12,35
3038,22:46:35.176,10.9,2,NO,0,0,12,35
3039,22:46:35.212,28.2,2,NO,0,0,12,35
3040,22:46:35.303,11.0,1,NO,0,0,12,35
3041,22:46:35.342,25.7,1,NO,0,0,12,35
3042,22:46:35.467,8.0,1,NO,0,0,12,35
3043,22:46:35.516,20.4,1,NO,0,0,12,36
3044,22:46:35.615,10.1,1,NO,0,0,12,36
3045,22:46:35.679,15.5,1,NO,0,0,12,36
3046,22:46:35.786,9.4,1,NO,0,0,12,36
3047,22:46:35.833,21.4,1,NO,0,0,12,36
3048,22:46:35.942,9.1,1,NO,0,0,12,36
3049,22:46:35.991,20.8,1,NO,0,0,12,36
3050,22:46:36.114,8.1,1,NO,0,0,12,36
3051,22:46:36.154,25.2,1,NO,0,0,12,36
3052,22:46:36.250,10.5,1,NO,0,0,12,36
3053,22:46:36.304,18.3,1,NO,0,0,12,36
3054,22:46:36.408,9.6,1,NO,0,0,12,36
3055,22:46:36.476,14.8,1,NO,0,0,12,36
3056,22:46:36.591,8.6,1,NO,0,0,12,36
3057,22:46:36.648,17.9,1,NO,0,0,12,36
3058,22:46:36.748,10.0,1,NO,0,0,12,37
3059,22:46:36.801,19.0,1,NO,0,0,12,37
3060,22:46:36.909,9.3,2,NO,0,0,12,37
3061,22:46:36.975,15.0,2,NO,0,0,12,37
3062,22:46:37.101,7.9,2,NO,0,0,12,37
3063,22:46:37.141,24.5,2,NO,0,0,12,37
3064,22:46:37.259,8.5,2,NO,0,0,12,37
3065,22:46:37.328,14.5,2,NO,0,0,12,37
3066,22:46:37.446,8.5,2,NO,0,0,12,37
3067,22:46:37.497,19.4,2,NO,0,0,12,37
3068,22:46:37.633,7.3,2,NO,0,0,12,37
3069,22:46:37.699,15.3,2,NO,0,0,12,37
3070,22:46:37.818,8.3,2,NO,0,0,12,37
3071,22:46:37.885,14.8,2,NO,0,0,12,37
3072,22:46:38.038,6.6,2,NO,0,0,12,37
3073,22:46:38.079,24.5,2,NO,0,0,12,37
3074,22:46:38.182,9.7,2,NO,0,0,12,37
3075,22:46:38.227,22.1,2,NO,0,0,12,37
3076,22:46:38.344,8.5,2,NO,0,0,12,38
3077,22:46:38.390,22.0,2,NO,0,0,12,38
3078,22:46:38.516,7.9,2,NO,0,0,12,38
3079,22:46:38.549,30.5,2,NO,0,0,12,38
3080,22:46:38.683,7.5,1,NO,0,0,12,38
3081,22:46:38.768,11.9,1,NO,0,0,12,38
3082,22:46:38.880,8.8,1,NO,0,0,12,38
3083,22:46:38.934,18.5,1,NO,0,0,12,38
3084,22:46:39.083,6.7,1,NO,0,0,12,38
3085,22:46:39.122,25.8,1,NO,0,0,12,38
3086,22:46:39.226,9.7,1,NO,0,0,12,38
3087,22:46:39.258,30.6,1,NO,0,0,12,38
3088,22:46:39.428,5.9,1,NO,0,0,12,38
3089,22:46:39.460,31.1,1,NO,0,0,12,38
3090,22:46:39.579,8.4,1,NO,0,0,12,39
3091,22:46:39.641,16.4,1,NO,0,0,12,38
3092,22:46:39.757,8.5,1,NO,0,0,12,38
3093,22:46:39.796,25.3,1,NO,0,0,12,39
3094,22:46:39.900,9.6,1,NO,0,0,12,38
3095,22:46:39.943,23.3,1,NO,0,0,12,39
3096,22:46:40.046,9.7,1,NO,0,0,12,39
3097,22:46:40.097,19.5,1,NO,0,0,12,38
3098,22:46:40.195,10.3,1,NO,0,0,12,38
3099,22:46:40.222,36.0,1,NO,0,0,12,39
3100,22:46:40.336,8.8,2,NO,0,0,12,39
3101,22:46:40.369,31.0,2,NO,0,0,12,40
3102,22:46:40.493,8.1,2,NO,0,0,12,40
3103,22:46:40.536,23.3,2,NO,0,0,12,40
3104,22:46:40.642,9.4,2,NO,0,0,12,40
3105,22:46:40.692,20.3,2,NO,0,0,12,40
3106,22:46:40.776,11.8,2,NO,0,0,12,40
3107,22:46:40.802,38.8,2,NO,0,0,12,40
3108,22:46:40.936,7.5,2,NO,0,0,12,40
3109,22:46:40.989,19.0,2,NO,0,0,12,40
3110,22:46:41.121,7.5,1,NO,0,0,12,40
3111,22:46:41.175,18.8,1,NO,0,0,12,40
3112,22:46:41.275,9.9,1,NO,0,0,12,40
3113,22:46:41.303,36.4,1,NO,0,0,12,40
3114,22:46:41.405,9.7,1,NO,0,0,12,40
3115,22:46:41.457,19.4,1,NO,0,0,12,40
3116,22:46:41.576,8.4,1,NO,0,0,12,40
3117,22:46:41.635,17.0,1,NO,0,0,12,40
3118,22:46:41.734,10.0,1,NO,0,0,12,40
3119,22:46:41.785,19.8,1,NO,0,0,12,40
3120,22:46:41.934,6.7,1,NO,0,0,12,40
3121,22:46:41.982,21.5,1,NO,0,0,12,40
3122,22:46:42.087,9.5,1,NO,0,0,12,40
3123,22:46:42.122,28.4,1,NO,0,0,12,40
3124,22:46:42.225,9.6,1,NO,0,0,12,40
3125,22:46:42.259,30.2,1,NO,0,0,12,40
3126,22:46:42.383,8.0,1,NO,0,0,12,39
3127,22:46:42.417,30.2,1,NO,0,0,12,40
3128,22:46:42.529,8.9,1,NO,0,0,12,40
3129,22:46:42.564,28.6,1,NO,0,0,12,39
3130,22:46:42.716,6.6,2,NO,0,0,12,39
3131,22:46:42.760,23.0,2,NO,0,0,12,39
3132,22:46:42.878,8.5,2,NO,0,0,12,39
3133,22:46:42.912,29.0,2,NO,0,0,12,39
3134,22:46:43.026,8.7,2,NO,0,0,12,39
3135,22:46:43.065,26.0,2,NO,0,0,12,39
3136,22:46:43.179,8.7,2,NO,0,0,12,40
3137,22:46:43.229,20.6,2,NO,0,0,12,40
3138,22:46:43.342,8.8,2,NO,0,0,12,40
3139,22:46:43.391,20.4,2,NO,0,0,12,40
3140,22:46:43.561,5.9,1,NO,0,0,12,41
3141,22:46:43.606,22.3,1,NO,0,0,12,41
3142,22:46:43.708,9.9,1,NO,0,0,12,41
3143,22:46:43.743,28.4,1,NO,0,0,12,41
3144,22:46:43.869,7.9,1,NO,0,0,12,41
3145,22:46:43.914,22.5,1,NO,0,0,12,41
3146,22:46:44.044,7.6,1,NO,0,0,12,41
3147,22:46:44.076,31.0,1,NO,0,0,12,41
3148,22:46:44.191,8.8,1,NO,0,0,12,41
3149,22:46:44.228,26.4,1,NO,0,0,12,42
3150,22:46:44.332,9.7,0,NO,0,0,12,42
3151,22:46:44.386,18.3,0,NO,0,0,12,42
3152,22:46:44.501,8.8,0,NO,0,0,12,42
3153,22:46:44.536,28.5,0,NO,0,0,12,42
3154,22:46:44.708,5.8,0,NO,0,0,12,42
3155,22:46:44.760,19.4,0,NO,0,0,12,42
3156,22:46:44.889,7.7,0,NO,0,0,12,42
3157,22:46:44.927,26.7,0,NO,0,0,12,42
3158,22:46:45.032,9.4,0,NO,0,0,12,42
3159,22:46:45.059,37.7,0,NO,0,0,12,42
3160,22:46:45.206,6.8,3,NO,0,0,12,43
3161,22:46:45.267,16.5,3,NO,0,0,12,42
3162,22:46:45.404,7.2,3,NO,0,0,12,42
3163,22:46:45.445,24.7,3,NO,0,0,12,42
3164,22:46:45.566,8.3,3,NO,0,0,12,42
3165,22:46:45.599,30.4,3,NO,0,0,12,42
3166,22:46:45.694,10.5,3,NO,0,0,12,42
3167,22:46:45.753,17.2,3,NO,0,0,12,43
3168,22:46:45.864,8.9,3,NO,0,0,12,43
3169,22:46:45.892,35.8,3,NO,0,0,12,43
3170,22:46:45.996,9.6,0,NO,0,0,12,43
3171,22:46:46.033,26.9,0,NO,0,0,12,43
3172,22:46:46.110,13.0,0,NO,0,0,12,43
3173,22:46:46.150,24.9,0,NO,0,0,12,43
3174,22:46:46.253,9.7,0,NO,0,0,12,43
3175,22:46:46.304,19.7,0,NO,0,0,12,43
3176,22:46:46.407,9.7,0,NO,0,0,12,43
3177,22:46:46.453,22.1,0,NO,0,0,12,43
3178,22:46:46.595,7.0,0,NO,0,0,12,43
3179,22:46:46.626,32.3,0,NO,0,0,12,43
3180,22:46:46.773,6.7,3,NO,0,0,12,43
3181,22:46:46.846,13.7,3,NO,0,0,12,43
3182,22:46:46.947,10.0,3,NO,0,0,12,43
3183,22:46:46.988,24.4,3,NO,0,0,12,43
3184,22:46:47.102,8.8,3,NO,0,0,12,43
3185,22:46:47.140,26.4,3,NO,0,0,12,43
3186,22:46:47.234,10.7,3,NO,0,0,12,43
3187,22:46:47.270,27.1,3,NO,0,0,12,43
3188,22:46:47.357,11.4,3,NO,0,0,12,43
3189,22:46:47.396,26.1,3,NO,0,0,12,43
3190,22:46:47.525,7.7,2,NO,0,0,12,43
3191,22:46:47.574,20.7,2,NO,0,0,12,44
3192,22:46:47.676,9.8,2,NO,0,0,12,44
3193,22:46:47.736,16.8,2,NO,0,0,12,44
3194,22:46:47.863,7.8,2,NO,0,0,12,44
3195,22:46:47.920,17.8,2,NO,0,0,12,44
3196,22:46:48.036,8.6,2,NO,0,0,12,44
3197,22:46:48.079,23.2,2,NO,0,0,12,44
3198,22:46:48.193,8.7,2,NO,0,0,12,44
3199,22:46:48.243,20.2,2,NO,0,0,12,44
3200,22:46:48.370,7.9,0,NO,0,0,12,44
3201,22:46:48.400,33.2,0,NO,0,0,12,44
3202,22:46:48.514,8.7,0,NO,0,0,12,44
3203,22:46:48.573,17.4,0,NO,0,0,12,44
3204,22:46:48.705,7.5,0,NO,0,0,12,44
3205,22:46:48.762,17.8,0,NO,0,0,12,44
3206,22:46:48.868,9.5,0,NO,0,0,12,44
3207,22:46:48.925,17.6,0,NO,0,0,12,44
3208,22:46:49.040,8.7,0,NO,0,0,12,44
3209,22:46:49.084,22.3,0,NO,0,0,12,45
3210,22:46:49.200,8.7,1,NO,0,0,12,44
3211,22:46:49.239,25.8,1,NO,0,0,12,44
3212,22:46:49.363,8.0,1,NO,0,0,12,44
3213,22:46:49.404,24.1,1,NO,0,0,12,44
3214,22:46:49.511,9.4,1,NO,0,0,12,44
3215,22:46:49.555,23.0,1,NO,0,0,12,44
3216,22:46:49.674,8.4,1,NO,0,0,12,44
3217,22:46:49.714,24.9,1,NO,0,0,12,45
3218,22:46:49.825,8.9,1,NO,0,0,12,45
3219,22:46:49.875,20.4,1,NO,0,0,12,45
3220,22:46:49.980,9.5,2,NO,0,0,12,45
3221,22:46:50.023,23.1,2,NO,0,0,12,45
3222,22:46:50.126,9.7,2,NO,0,0,12,46
3223,22:46:50.182,17.6,2,NO,0,0,12,46
3224,22:46:50.282,10.1,2,NO,0,0,12,46
3225,22:46:50.314,31.4,2,NO,0,0,12,46
3226,22:46:50.405,11.0,2,NO,0,0,12,46
3227,22:46:50.453,20.8,2,NO,0,0,12,46
3228,22:46:50.556,9.7,2,NO,0,0,12,46
3229,22:46:50.616,16.9,2,NO,0,0,12,46
3230,22:46:50.733,8.5,2,NO,0,0,12,46
3231,22:46:50.776,23.3,2,NO,0,0,12,46
3232,22:46:50.885,9.1,2,NO,0,0,12,46
3233,22:46:50.925,25.2,2,NO,0,0,12,46
3234,22:46:51.075,6.7,2,NO,0,0,12,46
3235,22:46:51.114,25.7,2,NO,0,0,12,46
3236,22:46:51.215,9.9,2,NO,0,0,12,46
3237,22:46:51.257,23.4,2,NO,0,0,12,46
3238,22:46:51.379,8.3,2,NO,0,0,12,45
3239,22:46:51.436,17.5,2,NO,0,0,12,45
3240,22:46:51.556,8.3,2,NO,0,0,12,45
3241,22:46:51.601,22.5,2,NO,0,0,12,45
3242,22:46:51.736,7.4,2,NO,0,0,12,45
3243,22:46:51.796,16.7,2,NO,0,0,12,45
3244,22:46:51.905,9.2,2,NO,0,0,12,45
3245,22:46:51.937,30.9,2,NO,0,0,12,45
3246,22:46:52.061,8.1,2,NO,0,0,12,44
3247,22:46:52.103,23.2,2,NO,0,0,12,44
3248,22:46:52.213,9.2,2,NO,0,0,12,44
3249,22:46:52.250,26.6,2,NO,0,0,12,43
3250,22:46:52.364,8.8,2,NO,0,0,12,43
3251,22:46:52.411,21.3,2,NO,0,0,12,43
3252,22:46:52.559,6.8,2,NO,0,0,12,44
3253,22:46:52.614,18.1,2,NO,0,0,12,43
3254,22:46:52.726,8.9,2,NO,0,0,12,43
3255,22:46:52.801,13.2,2,NO,0,0,12,43
3256,22:46:52.927,7.9,2,NO,0,0,12,43
3257,22:46:52.957,33.6,2,NO,0,0,12,43
3258,22:46:53.084,7.8,2,NO,0,0,12,43
3259,22:46:53.117,30.8,2,NO,0,0,12,43
3260,22:46:53.244,7.9,1,NO,0,0,12,43
3261,22:46:53.300,18.1,1,NO,0,0,12,44
3262,22:46:53.414,8.7,1,NO,0,0,12,44
3263,22:46:53.470,18.1,1,NO,0,0,12,44
3264,22:46:53.590,8.4,1,NO,0,0,12,44
3265,22:46:53.643,18.6,1,NO,0,0,12,44
3266,22:46:53.766,8.1,1,NO,0,0,12,43
3267,22:46:53.825,17.1,1,NO,0,0,12,43
3268,22:46:53.947,8.2,1,NO,0,0,12,43
3269,22:46:54.021,13.6,1,NO,0,0,12,44
3270,22:46:54.135,8.8,2,NO,0,0,12,44
3271,22:46:54.168,29.6,2,NO,0,0,12,44
3272,22:46:54.290,8.2,2,NO,0,0,12,44
3273,22:46:54.325,27.8,2,NO,0,0,12,44
3274,22:46:54.440,8.8,2,NO,0,0,12,44
3275,22:46:54.492,19.1,2,NO,0,0,12,44
3276,22:46:54.609,8.5,2,NO,0,0,12,44
3277,22:46:54.672,15.9,2,NO,0,0,12,44
3278,22:46:54.786,8.8,2,NO,0,0,12,44
3279,22:46:54.835,20.5,2,NO,0,0,12,44
3280,22:46:54.976,7.1,1,NO,0,0,12,44
3281,22:46:55.009,29.7,1,NO,0,0,12,44
3282,22:46:55.105,10.4,1,NO,0,0,12,44
3283,22:46:55.155,20.0,1,NO,0,0,12,44
3284,22:46:55.276,8.3,1,NO,0,0,12,44
3285,22:46:55.306,32.9,1,NO,0,0,12,44
3286,22:46:55.420,8.8,1,NO,0,0,12,44
3287,22:46:55.471,19.3,1,NO,0,0,12,44
3288,22:46:55.589,8.5,1,NO,0,0,12,44
3289,22:46:55.659,14.5,1,NO,0,0,12,44
3290,22:46:55.790,7.5,1,NO,0,0,12,44
3291,22:46:55.825,29.2,1,NO,0,0,12,44
3292,22:46:55.964,7.2,1,NO,0,0,12,44
3293,22:46:56.007,23.6,1,NO,0,0,12,44
3294,22:46:56.122,8.7,1,NO,0,0,12,45
3295,22:46:56.175,18.6,1,NO,0,0,12,44
3296,22:46:56.304,7.8,1,NO,0,0,12,45
3297,22:46:56.338,29.6,1,NO,0,0,12,45
3298,22:46:56.449,9.0,1,NO,0,0,12,45
3299,22:46:56.478,33.9,1,NO,0,0,12,45
3300,22:46:56.593,8.7,2,NO,0,0,12,45
3301,22:46:56.665,14.1,2,NO,0,0,12,44
3302,22:46:56.785,8.3,2,NO,0,0,12,44
3303,22:46:56.817,31.5,2,NO,0,0,12,44
3304,22:46:56.927,9.1,2,NO,0,0,12,45
3305,22:46:56.961,29.8,2,NO,0,0,12,45
3306,22:46:57.059,10.1,2,NO,0,0,12,45
3307,22:46:57.103,22.9,2,NO,0,0,12,45
3308,22:46:57.212,9.2,2,NO,0,0,12,45
3309,22:46:57.247,28.1,2,NO,0,0,12,45
3310,22:46:57.364,8.6,1,NO,0,0,12,45
3311,22:46:57.406,24.1,1,NO,0,0,12,45
3312,22:46:57.516,9.1,1,NO,0,0,12,46
3313,22:46:57.556,25.0,1,NO,0,0,12,46
3314,22:46:57.641,11.7,1,NO,0,0,12,45
3315,22:46:57.693,19.3,1,NO,0,0,12,45
3316,22:46:57.793,10.1,1,NO,0,0,12,45
3317,22:46:57.836,22.8,1,NO,0,0,12,45
3318,22:46:57.918,12.2,1,NO,0,0,12,45
3319,22:46:57.974,17.7,1,NO,0,0,12,45
3320,22:46:58.101,7.9,1,NO,0,0,12,45
3321,22:46:58.130,34.0,1,NO,0,0,12,45
3322,22:46:58.226,10.6,1,NO,0,0,12,45
3323,22:46:58.254,34.9,1,NO,0,0,12,45
3324,22:46:58.338,11.9,1,NO,0,0,12,45
3325,22:46:58.370,31.2,1,NO,0,0,12,45
3326,22:46:58.491,8.3,1,NO,0,0,12,45
3327,22:46:58.531,24.9,1,NO,0,0,12,45
3328,22:46:58.652,8.3,1,NO,0,0,12,45
3329,22:46:58.686,29.7,1,NO,0,0,12,45
3330,22:46:58.813,7.8,0,NO,0,0,12,45
3331,22:46:58.864,19.6,0,NO,0,0,12,45
3332,22:46:58.982,8.5,0,NO,0,0,12,45
3333,22:46:59.033,19.4,0,NO,0,0,12,45
3334,22:46:59.139,9.5,0,NO,0,0,12,45
3335,22:46:59.190,19.4,0,NO,0,0,12,45
3336,22:46:59.302,8.9,0,NO,0,0,12,45
3337,22:46:59.334,31.0,0,NO,0,0,12,44
3338,22:46:59.429,10.5,0,NO,0,0,12,44
3339,22:46:59.463,29.3,0,NO,0,0,12,44
3340,22:46:59.590,7.8,2,NO,0,0,12,44
3341,22:46:59.635,22.9,2,NO,0,0,12,44
3342,22:46:59.743,9.2,2,NO,0,0,12,44
3343,22:46:59.783,25.0,2,NO,0,0,12,44
3344,22:46:59.898,8.7,2,NO,0,0,12,44
3345,22:46:59.939,24.2,2,NO,0,0,12,44
3346,22:47:00.053,8.8,2,NO,0,0,12,44
3347,22:47:00.095,23.8,2,NO,0,0,12,44
3348,22:47:00.199,9.6,2,NO,0,0,12,44
3349,22:47:00.251,19.5,2,NO,0,0,12,44
3350,22:47:00.371,8.3,1,NO,0,0,12,45
3351,22:47:00.423,19.2,1,NO,0,0,12,45
3352,22:47:00.534,9.1,1,NO,0,0,12,44
3353,22:47:00.575,24.3,1,NO,0,0,12,44
3354,22:47:00.693,8.5,1,NO,0,0,12,44
3355,22:47:00.735,24.2,1,NO,0,0,12,44
3356,22:47:00.856,8.2,1,NO,0,0,12,44
3357,22:47:00.902,22.0,1,NO,0,0,12,44
3358,22:47:01.010,9.2,1,NO,0,0,12,44
3359,22:47:01.054,22.8,1,NO,0,0,12,44
3360,22:47:01.155,9.9,0,NO,0,0,12,44
3361,22:47:01.181,38.2,0,NO,0,0,12,44
3362,22:47:01.278,10.4,0,NO,0,0,12,45
3363,22:47:01.337,17.1,0,NO,0,0,12,45
3364,22:47:01.447,9.0,0,NO,0,0,12,45
3365,22:47:01.483,27.5,0,NO,0,0,12,44
3366,22:47:01.642,6.3,0,NO,0,0,12,44
3367,22:47:01.690,20.7,0,NO,0,0,12,44
3368,22:47:01.795,9.5,0,NO,0,0,12,44
3369,22:47:01.848,19.1,0,NO,0,0,12,45
3370,22:47:01.985,7.3,2,NO,0,0,12,45
3371,22:47:02.027,24.2,2,NO,0,0,12,45
3372,22:47:02.137,9.1,2,NO,0,0,12,45
3373,22:47:02.170,30.1,2,NO,0,0,12,45
3374,22:47:02.265,10.5,2,NO,0,0,12,45
3375,22:47:02.304,25.8,2,NO,0,0,12,45
3376,22:47:02.427,8.1,2,NO,0,0,12,45
3377,22:47:02.461,28.7,2,NO,0,0,12,45
3378,22:47:02.608,6.8,2,NO,0,0,12,45
3379,22:47:02.650,23.9,2,NO,0,0,12,45
3380,22:47:02.795,6.9,1,NO,0,0,12,45
3381,22:47:02.841,21.6,1,NO,0,0,12,45
3382,22:47:02.952,9.0,1,NO,0,0,12,45
3383,22:47:03.014,16.2,1,NO,0,0,12,45
3384,22:47:03.127,8.8,1,NO,0,0,12,45
3385,22:47:03.164,27.4,1,NO,0,0,12,45
3386,22:47:03.282,8.4,1,NO,0,0,12,44
3387,22:47:03.314,31.4,1,NO,0,0,12,44
3388,22:47:03.426,8.9,1,NO,0,0,12,44
3389,22:47:03.484,17.1,1,NO,0,0,12,44
3390,22:47:03.645,6.2,3,NO,0,0,12,44
3391,22:47:03.704,17.2,3,NO,0,0,12,44
3392,22:47:03.823,8.4,3,NO,0,0,12,44
3393,22:47:03.864,24.3,3,NO,0,0,12,44
3394,22:47:03.974,9.1,3,NO,0,0,12,44
3395,22:47:04.012,26.2,3,NO,0,0,12,44
3396,22:47:04.126,8.8,3,NO,0,0,12,44
3397,22:47:04.163,27.2,3,NO,0,0,12,44
3398,22:47:04.282,8.4,3,NO,0,0,12,44
3399,22:47:04.321,25.4,3,NO,0,0,12,43
3400,22:47:04.451,7.7,1,NO,0,0,12,43
3401,22:47:04.518,14.9,1,NO,0,0,12,44
3402,22:47:04.630,8.9,1,NO,0,0,12,44
3403,22:47:04.660,32.6,1,NO,0,0,12,42
3404,22:47:04.818,6.4,1,NO,0,0,12,42
3405,22:47:04.873,18.0,1,NO,0,0,12,42
3406,22:47:04.995,8.3,1,NO,0,0,12,42
3407,22:47:05.030,28.7,1,NO,0,0,12,42
3408,22:47:05.146,8.6,1,NO,0,0,12,42
3409,22:47:05.189,23.2,1,NO,0,0,12,42
3410,22:47:05.313,8.0,3,NO,0,0,12,43
3411,22:47:05.364,19.5,3,NO,0,0,12,42
3412,22:47:05.481,8.7,3,NO,0,0,12,42
3413,22:47:05.515,29.1,3,NO,0,0,12,42
3414,22:47:05.624,9.1,3,NO,0,0,12,42
3415,22:47:05.691,15.1,3,NO,0,0,12,42
3416,22:47:05.816,8.0,3,NO,0,0,12,42
3417,22:47:05.865,20.5,3,NO,0,0,12,42
3418,22:47:06.005,7.1,3,NO,0,0,12,42
3419,22:47:06.052,21.4,3,NO,0,0,12,42
3420,22:47:06.184,7.6,1,NO,0,0,12,41
3421,22:47:06.218,28.9,1,NO,0,0,12,41
3422,22:47:06.323,9.5,1,NO,0,0,12,41
3423,22:47:06.381,17.3,1,NO,0,0,12,41
3424,22:47:06.510,7.8,1,NO,0,0,12,41
3425,22:47:06.557,21.1,1,NO,0,0,12,41
3426,22:47:06.669,8.9,1,NO,0,0,12,41
3427,22:47:06.733,15.5,1,NO,0,0,12,41
3428,22:47:06.861,7.8,1,NO,0,0,12,41
3429,22:47:06.901,25.0,1,NO,0,0,12,41
3430,22:47:07.030,7.8,0,NO,0,0,12,40
3431,22:47:07.063,29.5,0,NO,0,0,12,40
3432,22:47:07.184,8.3,0,NO,0,0,12,40
3433,22:47:07.219,28.7,0,NO,0,0,12,40
3434,22:47:07.324,9.5,0,NO,0,0,12,40
3435,22:47:07.373,20.6,0,NO,0,0,12,40
3436,22:47:07.500,7.9,0,NO,0,0,12,40
3437,22:47:07.540,24.9,0,NO,0,0,12,40
3438,22:47:07.658,8.5,0,NO,0,0,12,40
3439,22:47:07.696,26.7,0,NO,0,0,12,40
3440,22:47:07.807,9.0,2,NO,0,0,12,40
3441,22:47:07.851,22.8,2,NO,0,0,12,40
3442,22:47:07.960,9.1,2,NO,0,0,12,40
3443,22:47:08.009,20.3,2,NO,0,0,12,40
3444,22:47:08.114,9.5,2,NO,0,0,12,40
3445,22:47:08.170,17.9,2,NO,0,0,12,39
3446,22:47:08.278,9.3,2,NO,0,0,12,39
3447,22:47:08.318,25.7,2,NO,0,0,12,39
3448,22:47:08.436,8.4,2,NO,0,0,12,40
3449,22:47:08.471,28.6,2,NO,0,0,12,40
3450,22:47:08.582,9.0,2,NO,0,0,12,40
3451,22:47:08.643,16.7,2,NO,0,0,12,40
3452,22:47:08.743,9.9,2,NO,0,0,12,41
3453,22:47:08.796,19.1,2,NO,0,0,12,41
3454,22:47:08.886,11.0,2,NO,0,0,12,41
3455,22:47:08.925,25.9,2,NO,0,0,12,41
3456,22:47:09.026,9.9,2,NO,0,0,12,41
3457,22:47:09.064,27.1,2,NO,0,0,12,41
3458,22:47:09.144,12.5,2,NO,0,0,12,41
3459,22:47:09.177,29.6,2,NO,0,0,12,41
3460,22:47:09.294,8.5,2,NO,0,0,12,41
3461,22:47:09.329,28.6,2,NO,0,0,12,41
3462,22:47:09.424,10.5,2,NO,0,0,12,41
3463,22:47:09.467,23.8,2,NO,0,0,12,41
3464,22:47:09.556,11.2,2,NO,0,0,12,41
3465,22:47:09.605,20.5,2,NO,0,0,12,41
3466,22:47:09.692,11.5,2,NO,0,0,12,41
3467,22:47:09.748,17.5,2,NO,0,0,12,41
3468,22:47:09.874,8.0,2,NO,0,0,12,41
3469,22:47:09.911,27.6,2,NO,0,0,12,41
3470,22:47:10.058,6.8,2,NO,0,0,12,41
3471,22:47:10.099,24.3,2,NO,0,0,12,41
3472,22:47:10.199,10.0,2,NO,0,0,12,41
3473,22:47:10.242,23.5,2,NO,0,0,12,41
3474,22:47:10.353,9.0,2,NO,0,0,12,41
3475,22:47:10.385,31.2,2,NO,0,0,12,41
3476,22:47:10.496,9.0,2,NO,0,0,12,41
3477,22:47:10.527,31.9,2,NO,0,0,12,41
3478,22:47:10.630,9.7,2,NO,0,0,12,41
3479,22:47:10.675,22.4,2,NO,0,0,12,41
3480,22:47:10.798,8.2,2,NO,0,0,12,41
3481,22:47:10.864,15.2,2,NO,0,0,12,41
3482,22:47:11.002,7.2,2,NO,0,0,12,41
3483,22:47:11.043,23.8,2,NO,0,0,12,41
3484,22:47:11.157,8.9,2,NO,0,0,12,41
3485,22:47:11.191,28.4,2,NO,0,0,12,41
3486,22:47:11.333,7.1,2,NO,0,0,12,41
3487,22:47:11.381,20.7,2,NO,0,0,12,41
3488,22:47:11.507,7.9,2,NO,0,0,12,41
3489,22:47:11.542,29.0,2,NO,0,0,12,41
3490,22:47:11.675,7.5,1,NO,0,0,12,40
3491,22:47:11.713,26.5,1,NO,0,0,12,40
3492,22:47:11.841,7.8,1,NO,0,0,12,40
3493,22:47:11.871,32.7,1,NO,0,0,12,40
3494,22:47:11.991,8.4,1,NO,0,0,12,40
3495,22:47:12.026,28.2,1,NO,0,0,12,40
3496,22:47:12.131,9.6,1,NO,0,0,12,40
3497,22:47:12.164,29.5,1,NO,0,0,12,40
3498,22:47:12.260,10.4,1,NO,0,0,12,40
3499,22:47:12.337,13.2,1,NO,0,0,12,40
3500,22:47:12.462,8.0,1,NO,0,0,12,40
3501,22:47:12.505,23.1,1,NO,0,0,12,40
3502,22:47:12.614,9.1,1,NO,0,0,12,40
3503,22:47:12.698,12.0,1,NO,0,0,12,40
3504,22:47:12.800,9.7,1,NO,0,0,12,40
3505,22:47:12.858,17.5,1,NO,0,0,12,40
3506,22:47:12.977,8.3,1,NO,0,0,12,40
3507,22:47:13.021,23.0,1,NO,0,0,12,40
3508,22:47:13.137,8.7,1,NO,0,0,12,39
3509,22:47:13.189,18.9,1,NO,0,0,12,39
3510,22:47:13.308,8.4,0,NO,0,0,12,39
3511,22:47:13.365,17.3,0,NO,0,0,12,39
3512,22:47:13.479,8.9,0,NO,0,0,12,39
3513,22:47:13.535,17.7,0,NO,0,0,12,39
3514,22:47:13.647,8.9,0,NO,0,0,12,39
3515,22:47:13.703,18.0,0,NO,0,0,12,39
3516,22:47:13.838,7.4,0,NO,0,0,12,39
3517,22:47:13.874,27.1,0,NO,0,0,12,39
3518,22:47:14.003,7.8,0,NO,0,0,12,39
3519,22:47:14.048,22.2,0,NO,0,0,12,39
3520,22:47:14.169,8.3,0,NO,0,0,12,39
3521,22:47:14.213,22.9,0,NO,0,0,12,39
3522,22:47:14.309,10.4,0,NO,0,0,12,39
3523,22:47:14.358,19.9,0,NO,0,0,12,39
3524,22:47:14.485,7.9,0,NO,0,0,12,39
3525,22:47:14.545,16.7,0,NO,0,0,12,39
3526,22:47:14.654,9.2,0,NO,0,0,12,39
3527,22:47:14.736,12.2,0,NO,0,0,12,39
3528,22:47:14.851,8.6,0,NO,0,0,12,39
3529,22:47:14.899,21.1,0,NO,0,0,12,39
3530,22:47:15.036,7.3,1,NO,0,0,12,39
3531,22:47:15.070,29.3,1,NO,0,0,12,38
3532,22:47:15.183,8.8,1,NO,0,0,12,38
3533,22:47:15.229,22.0,1,NO,0,0,12,36
3534,22:47:15.383,6.5,1,NO,0,0,12,36
3535,22:47:15.423,24.9,1,NO,0,0,12,35
3536,22:47:15.512,11.3,1,NO,0,0,12,35
3537,22:47:15.559,21.1,1,NO,0,0,12,35
3538,22:47:15.676,8.6,1,NO,0,0,12,35
3539,22:47:15.713,26.6,1,NO,0,0,12,35
3540,22:47:15.851,7.3,1,NO,0,0,12,35
3541,22:47:15.900,20.3,1,NO,0,0,12,35
3542,22:47:16.019,8.4,1,NO,0,0,12,35
3543,22:47:16.051,31.5,1,NO,0,0,12,35
3544,22:47:16.165,8.8,1,NO,0,0,12,35
3545,22:47:16.198,29.9,1,NO,0,0,12,35
3546,22:47:16.294,10.4,1,NO,0,0,12,35
3547,22:47:16.344,20.3,1,NO,0,0,12,35
3548,22:47:16.454,9.0,1,NO,0,0,12,35
3549,22:47:16.486,31.2,1,NO,0,0,12,35
3550,22:47:16.612,8.0,1,NO,0,0,12,35
3551,22:47:16.650,26.3,1,NO,0,0,12,35
3552,22:47:16.767,8.6,1,NO,0,0,12,35
3553,22:47:16.807,25.1,1,NO,0,0,12,35
3554,22:47:16.937,7.7,1,NO,0,0,12,35
3555,22:47:16.980,23.2,1,NO,0,0,12,35
3556,22:47:17.091,8.9,1,NO,0,0,12,35
3557,22:47:17.135,22.4,1,NO,0,0,12,35
3558,22:47:17.248,9.0,1,NO,0,0,12,35
3559,22:47:17.315,14.8,1,NO,0,0,12,35
3560,22:47:17.439,8.0,1,NO,0,0,12,35
3561,22:47:17.505,15.5,1,NO,0,0,12,35
3562,22:47:17.635,7.7,1,NO,0,0,12,35
3563,22:47:17.692,17.3,1,NO,0,0,12,35
3564,22:47:17.791,10.2,1,NO,0,0,12,35
3565,22:47:17.889,10.1,1,NO,0,0,12,35
3566,22:47:18.014,8.0,1,NO,0,0,12,35
3567,22:47:18.045,32.0,1,NO,0,0,12,35
3568,22:47:18.176,7.7,1,NO,0,0,12,35
3569,22:47:18.233,17.6,1,NO,0,0,12,35
3570,22:47:18.368,7.4,0,NO,0,0,12,35
3571,22:47:18.422,18.5,0,NO,0,0,12,35
3572,22:47:18.546,8.1,0,NO,0,0,12,35
3573,22:47:18.606,16.6,0,NO,0,0,12,35
3574,22:47:18.713,9.4,0,NO,0,0,12,35
3575,22:47:18.764,19.9,0,NO,0,0,12,35
3576,22:47:18.900,7.3,0,NO,0,0,12,35
3577,22:47:18.975,13.3,0,NO,0,0,12,35
3578,22:47:19.101,7.9,0,NO,0,0,12,35
3579,22:47:19.138,26.3,0,NO,0,0,12,35
3580,22:47:19.259,8.2,1,NO,0,0,12,35
3581,22:47:19.305,22.1,1,NO,0,0,12,35
3582,22:47:19.419,8.8,1,NO,0,0,12,35
3583,22:47:19.466,21.0,1,NO,0,0,12,35
3584,22:47:19.577,9.0,1,NO,0,0,12,35
3585,22:47:19.614,27.5,1,NO,0,0,12,35
3586,22:47:19.713,10.1,1,NO,0,0,12,35
3587,22:47:19.765,19.4,1,NO,0,0,12,35
3588,22:47:19.868,9.7,1,NO,0,0,12,35
3589,22:47:19.908,25.1,1,NO,0,0,12,35
3590,22:47:20.033,8.0,2,NO,0,0,12,35
3591,22:47:20.064,31.6,2,NO,0,0,12,35
3592,22:47:20.163,10.1,2,NO,0,0,12,35
3593,22:47:20.193,34.1,2,NO,0,0,12,35
3594,22:47:20.284,11.0,2,NO,0,0,12,35
3595,22:47:20.342,17.2,2,NO,0,0,12,35
3596,22:47:20.449,9.3,2,NO,0,0,12,35
3597,22:47:20.488,25.1,2,NO,0,0,12,35
3598,22:47:20.591,9.8,2,NO,0,0,12,35
3599,22:47:20.646,18.0,2,NO,0,0,12,35
3600,22:47:20.783,7.3,2,NO,0,0,12,35
3601,22:47:20.840,17.6,2,NO,0,0,12,35
3602,22:47:20.936,10.4,2,NO,0,0,12,35
3603,22:47:20.988,19.3,2,NO,0,0,12,35
3604,22:47:21.093,9.5,2,NO,0,0,12,35
3605,22:47:21.130,26.7,2,NO,0,0,12,35
3606,22:47:21.219,11.3,2,NO,0,0,12,35
3607,22:47:21.256,27.3,2,NO,0,0,12,35
3608,22:47:21.363,9.3,2,NO,0,0,12,35
3609,22:47:21.396,30.2,2,NO,0,0,12,35
3610,22:47:21.505,9.2,2,NO,0,0,12,35
3611,22:47:21.538,30.3,2,NO,0,0,12,35
3612,22:47:21.627,11.2,2,NO,0,0,12,35
3613,22:47:21.665,26.3,2,NO,0,0,12,35
3614,22:47:21.772,9.4,2,NO,0,0,12,35
3615,22:47:21.833,16.6,2,NO,0,0,12,35
3616,22:47:21.951,8.5,2,NO,0,0,12,35
3617,22:47:21.987,27.3,2,NO,0,0,12,35
3618,22:47:22.069,12.2,2,NO,0,0,12,35
3619,22:47:22.093,42.3,2,NO,0,0,12,35
3620,22:47:22.195,9.7,3,NO,0,0,12,35
3621,22:47:22.223,35.9,3,NO,0,0,12,35
3622,22:47:22.311,11.4,3,NO,0,0,12,35
3623,22:47:22.354,23.1,3,NO,0,0,12,35
3624,22:47:22.475,8.3,3,NO,0,0,12,35
3625,22:47:22.505,33.1,3,NO,0,0,12,35
3626,22:47:22.584,12.6,3,NO,0,0,12,35
3627,22:47:22.618,29.9,3,NO,0,0,12,35
3628,22:47:22.744,7.9,3,NO,0,0,12,35
3629,22:47:22.807,16.0,3,NO,0,0,12,35
3630,22:47:22.917,9.1,1,NO,0,0,12,35
3631,22:47:22.981,15.5,1,NO,0,0,12,35
3632,22:47:23.087,9.5,1,NO,0,0,12,35
3633,22:47:23.142,18.1,1,NO,0,0,12,35
3634,22:47:23.243,9.9,1,NO,0,0,12,35
3635,22:47:23.274,31.7,1,NO,0,0,12,35
3636,22:47:23.384,9.1,1,NO,0,0,12,35
3637,22:47:23.439,18.2,1,NO,0,0,12,35
3638,22:47:23.546,9.2,1,NO,0,0,12,35
3639,22:47:23.585,26.5,1,NO,0,0,12,35
3640,22:47:23.689,9.5,1,NO,0,0,12,35
3641,22:47:23.732,23.6,1,NO,0,0,12,35
3642,22:47:23.862,7.7,1,NO,0,0,12,35
3643,22:47:23.889,36.8,1,NO,0,0,12,35
3644,22:47:24.019,7.7,1,NO,0,0,12,35
3645,22:47:24.058,25.3,1,NO,0,0,12,35
3646,22:47:24.178,8.4,1,NO,0,0,12,35
3647,22:47:24.208,32.6,1,NO,0,0,12,35
3648,22:47:24.299,10.9,1,NO,0,0,12,35
3649,22:47:24.368,14.7,1,NO,0,0,12,35
3650,22:47:24.490,8.1,0,NO,0,0,12,35
3651,22:47:24.537,21.8,0,NO,0,0,12,35
3652,22:47:24.646,9.1,0,NO,0,0,12,35
3653,22:47:24.691,22.5,0,NO,0,0,12,35
3654,22:47:24.785,10.6,0,NO,0,0,12,35
3655,22:47:24.818,30.1,0,NO,0,0,12,35
3656,22:47:24.922,9.7,0,NO,0,0,12,35
3657,22:47:24.972,19.4,0,NO,0,0,12,35
3658,22:47:25.084,9.0,0,NO,0,0,12,35
3659,22:47:25.122,26.7,0,NO,0,0,12,35
3660,22:47:25.233,9.0,2,NO,0,0,12,35
3661,22:47:25.283,19.8,2,NO,0,0,12,35
3662,22:47:25.398,8.7,2,NO,0,0,12,35
3663,22:47:25.432,29.4,2,NO,0,0,12,35
3664,22:47:25.542,9.1,2,NO,0,0,12,35
3665,22:47:25.585,22.9,2,NO,0,0,12,35
3666,22:47:25.688,9.7,2,NO,0,0,12,35
3667,22:47:25.733,22.4,2,NO,0,0,12,35
3668,22:47:25.899,6.0,2,NO,0,0,12,35
3669,22:47:25.964,15.7,2,NO,0,0,12,35
3670,22:47:26.088,8.0,2,NO,0,0,12,35
3671,22:47:26.118,32.9,2,NO,0,0,12,35
3672,22:47:26.210,10.9,2,NO,0,0,12,35
3673,22:47:26.242,31.0,2,NO,0,0,12,35
3674,22:47:26.365,8.1,2,NO,0,0,12,35
3675,22:47:26.402,27.0,2,NO,0,0,12,35
3676,22:47:26.514,8.9,2,NO,0,0,12,35
3677,22:47:26.551,27.2,2,NO,0,0,12,35
3678,22:47:26.695,6.9,2,NO,0,0,12,35
3679,22:47:26.749,18.8,2,NO,0,0,12,35
3680,22:47:26.893,7.0,1,NO,0,0,12,35
3681,22:47:26.954,16.3,1,NO,0,0,12,35
3682,22:47:27.062,9.2,1,NO,0,0,12,35
3683,22:47:27.101,25.6,1,NO,0,0,12,35
3684,22:47:27.212,9.0,1,NO,0,0,12,35
3685,22:47:27.253,24.4,1,NO,0,0,12,35
3686,22:47:27.356,9.7,1,NO,0,0,12,35
3687,22:47:27.401,22.3,1,NO,0,0,12,35
3688,22:47:27.528,7.9,1,NO,0,0,12,35
3689,22:47:27.562,28.3,1,NO,0,0,12,35
3690,22:47:27.683,8.3,1,NO,0,0,12,35
3691,22:47:27.734,19.4,1,NO,0,0,12,35
3692,22:47:27.844,9.2,1,NO,0,0,12,35
3693,22:47:27.886,23.3,1,NO,0,0,12,35
3694,22:47:27.997,9.1,1,NO,0,0,12,35
3695,22:47:28.037,25.3,1,NO,0,0,12,35
3696,22:47:28.141,9.6,1,NO,0,0,12,35
3697,22:47:28.174,29.7,1,NO,0,0,12,35
3698,22:47:28.272,10.2,1,NO,0,0,12,35
3699,22:47:28.300,35.4,1,NO,0,0,12,35
3700,22:47:28.424,8.1,2,NO,0,0,12,35
3701,22:47:28.457,30.4,2,NO,0,0,12,35
3702,22:47:28.588,7.6,2,NO,0,0,12,35
3703,22:47:28.635,21.0,2,NO,0,0,12,35
3704,22:47:28.756,8.3,2,NO,0,0,12,35
3705,22:47:28.818,16.3,2,NO,0,0,12,35
3706,22:47:28.925,9.2,2,NO,0,0,12,35
3707,22:47:28.953,36.0,2,NO,0,0,12,35
3708,22:47:29.053,10.0,2,NO,0,0,12,35
3709,22:47:29.104,19.7,2,NO,0,0,12,35
3710,22:47:29.223,8.4,1,NO,0,0,12,35
3711,22:47:29.270,21.8,1,NO,0,0,12,35
3712,22:47:29.387,8.4,1,NO,0,0,12,35
3713,22:47:29.424,27.1,1,NO,0,0,12,35
3714,22:47:29.522,10.2,1,NO,0,0,12,35
3715,22:47:29.568,21.8,1,NO,0,0,12,35
3716,22:47:29.698,7.7,1,NO,0,0,12,35
3717,22:47:29.730,30.7,1,NO,0,0,12,35
3718,22:47:29.848,8.5,1,NO,0,0,12,35
3719,22:47:29.904,17.9,1,NO,0,0,12,35
3720,22:47:30.025,8.3,2,NO,0,0,12,35
3721,22:47:30.057,32.0,2,NO,0,0,12,35
3722,22:47:30.150,10.7,2,NO,0,0,12,35
3723,22:47:30.178,35.5,2,NO,0,0,12,35
3724,22:47:30.264,11.6,2,NO,0,0,12,35
3725,22:47:30.342,13.0,2,NO,0,0,12,35
3726,22:47:30.445,9.7,2,NO,0,0,12,35
3727,22:47:30.478,29.7,2,NO,0,0,12,35
3728,22:47:30.585,9.4,2,NO,0,0,12,35
3729,22:47:30.632,21.6,2,NO,0,0,12,35
3730,22:47:30.753,8.3,2,NO,0,0,12,35
3731,22:47:30.787,28.6,2,NO,0,0,12,35
3732,22:47:30.885,10.3,2,NO,0,0,12,35
3733,22:47:30.932,21.1,2,NO,0,0,12,35
3734,22:47:31.035,9.7,2,NO,0,0,12,35
3735,22:47:31.073,26.9,2,NO,0,0,12,35
3736,22:47:31.167,10.6,2,NO,0,0,12,35
3737,22:47:31.198,32.8,2,NO,0,0,12,35
3738,22:47:31.290,10.8,2,NO,0,0,12,35
3739,22:47:31.335,22.0,2,NO,0,0,12,35
3740,22:47:31.469,7.5,1,NO,0,0,12,35
3741,22:47:31.516,21.5,1,NO,0,0,12,35
3742,22:47:31.629,8.8,1,NO,0,0,12,35
3743,22:47:31.664,28.6,1,NO,0,0,12,35
3744,22:47:31.789,8.0,1,NO,0,0,12,35
3745,22:47:31.820,33.3,1,NO,0,0,12,35
3746,22:47:31.929,9.1,1,NO,0,0,12,35
3747,22:47:31.966,27.3,1,NO,0,0,12,35
3748,22:47:32.086,8.3,1,NO,0,0,12,35
3749,22:47:32.142,18.0,1,NO,0,0,12,35
3750,22:47:32.264,8.2,1,NO,0,0,12,35
3751,22:47:32.330,15.3,1,NO,0,0,12,35
3752,22:47:32.455,8.0,1,NO,0,0,12,35
3753,22:47:32.503,20.7,1,NO,0,0,12,35
3754,22:47:32.631,7.8,1,NO,0,0,12,35
3755,22:47:32.665,29.0,1,NO,0,0,12,35
3756,22:47:32.794,7.8,1,NO,0,0,12,35
3757,22:47:32.846,19.4,1,NO,0,0,12,35
3758,22:47:32.963,8.6,1,NO,0,0,12,35
3759,22:47:33.010,21.0,1,NO,0,0,12,35
3760,22:47:33.138,7.8,2,NO,0,0,12,35
3761,22:47:33.187,20.2,2,NO,0,0,12,35
3762,22:47:33.305,8.5,2,NO,0,0,12,35
3763,22:47:33.352,21.2,2,NO,0,0,12,35
3764,22:47:33.503,6.6,2,NO,0,0,12,35
3765,22:47:33.543,25.6,2,NO,0,0,12,35
3766,22:47:33.671,7.8,2,NO,0,0,12,35
3767,22:47:33.734,15.8,2,NO,0,0,12,35
3768,22:47:33.858,8.1,2,NO,0,0,12,35
3769,22:47:33.905,21.5,2,NO,0,0,12,35
3770,22:47:34.058,6.5,1,NO,0,0,12,35
3771,22:47:34.092,30.0,1,NO,0,0,12,35
3772,22:47:34.186,10.5,1,NO,0,0,12,35
3773,22:47:34.223,27.7,1,NO,0,0,12,35
3774,22:47:34.344,8.2,1,NO,0,0,12,35
3775,22:47:34.381,26.9,1,NO,0,0,12,35
3776,22:47:34.502,8.3,1,NO,0,0,12,35
3777,22:47:34.541,26.5,1,NO,0,0,12,35
3778,22:47:34.674,7.5,1,NO,0,0,12,35
3779,22:47:34.734,16.6,1,NO,0,0,12,35
3780,22:47:34.866,7.5,2,NO,0,0,12,35
3781,22:47:34.937,14.3,2,NO,0,0,12,35
3782,22:47:35.055,8.5,2,NO,0,0,12,35
3783,22:47:35.081,37.1,2,NO,0,0,12,35
3784,22:47:35.190,9.2,2,NO,0,0,12,35
3785,22:47:35.226,27.6,2,NO,0,0,12,35
3786,22:47:35.327,9.9,2,NO,0,0,12,35
3787,22:47:35.376,20.7,2,NO,0,0,12,35
3788,22:47:35.494,8.5,2,NO,0,0,12,35
3789,22:47:35.539,21.8,2,NO,0,0,12,35
3790,22:47:35.700,6.2,1,NO,0,0,12,35
3791,22:47:35.751,19.6,1,NO,0,0,12,35
3792,22:47:35.867,8.6,1,NO,0,0,12,35
3793,22:47:35.906,25.8,1,NO,0,0,12,35
3794,22:47:36.036,7.7,1,NO,0,0,12,35
3795,22:47:36.062,38.4,1,NO,0,0,12,35
3796,22:47:36.170,9.4,1,NO,0,0,12,35
3797,22:47:36.223,18.9,1,NO,0,0,12,35
3798,22:47:36.334,9.0,1,NO,0,0,12,35
3799,22:47:36.374,25.0,1,NO,0,0,12,35
3800,22:47:36.496,8.2,1,NO,0,0,12,35
3801,22:47:36.523,36.6,1,NO,0,0,12,35
3802,22:47:36.638,8.6,1,NO,0,0,12,35
3803,22:47:36.711,13.9,1,NO,0,0,12,35
3804,22:47:36.820,9.2,1,NO,0,0,12,35
3805,22:47:36.855,28.0,1,NO,0,0,12,35
3806,22:47:36.946,11.1,1,NO,0,0,12,35
3807,22:47:36.983,27.8,1,NO,0,0,12,35
3808,22:47:37.087,9.5,1,NO,0,0,12,35
3809,22:47:37.142,18.5,1,NO,0,0,12,35
3810,22:47:37.255,8.8,1,NO,0,0,12,35
3811,22:47:37.289,28.9,1,NO,0,0,12,35
3812,22:47:37.407,8.5,1,NO,0,0,12,35
3813,22:47:37.445,26.1,1,NO,0,0,12,35
3814,22:47:37.545,9.9,1,NO,0,0,12,35
3815,22:47:37.594,20.8,1,NO,0,0,12,35
3816,22:47:37.692,10.2,1,NO,0,0,12,35
3817,22:47:37.743,19.2,1,NO,0,0,12,35
3818,22:47:37.853,9.1,1,NO,0,0,12,35
3819,22:47:37.899,21.9,1,NO,0,0,12,35
3820,22:47:38.031,7.6,4,NO,0,0,12,35
3821,22:47:38.073,23.4,4,NO,0,0,12,35
3822,22:47:38.178,9.6,4,NO,0,0,12,35
3823,22:47:38.229,19.9,4,NO,0,0,12,35
3824,22:47:38.361,7.6,4,NO,0,0,12,35
3825,22:47:38.394,29.5,4,NO,0,0,12,35
3826,22:47:38.518,8.1,4,NO,0,0,12,35
3827,22:47:38.578,16.7,4,NO,0,0,12,35
3828,22:47:38.695,8.5,4,NO,0,0,12,35
3829,22:47:38.746,19.8,4,NO,0,0,12,35
3830,22:47:38.870,8.0,2,NO,0,0,12,35
3831,22:47:38.937,15.3,2,NO,0,0,12,35
3832,22:47:39.053,8.5,2,NO,0,0,12,35
3833,22:47:39.099,21.4,2,NO,0,0,12,35
3834,22:47:39.208,9.2,2,NO,0,0,12,35
3835,22:47:39.256,20.6,2,NO,0,0,12,35
3836,22:47:39.371,8.7,2,NO,0,0,12,35
3837,22:47:39.411,24.9,2,NO,0,0,12,35
3838,22:47:39.496,11.8,2,NO,0,0,12,35
3839,22:47:39.533,27.1,2,NO,0,0,12,35
3840,22:47:39.664,7.6,2,NO,0,0,12,35
3841,22:47:39.702,26.2,2,NO,0,0,12,35
3842,22:47:39.815,8.9,2,NO,0,0,12,35
3843,22:47:39.868,18.8,2,NO,0,0,12,35
3844,22:47:39.984,8.6,2,NO,0,0,12,35
3845,22:47:40.043,17.1,2,NO,0,0,12,35
3846,22:47:40.143,9.8,2,NO,0,0,12,35
3847,22:47:40.196,19.0,2,NO,0,0,12,35
3848,22:47:40.295,10.1,2,NO,0,0,12,35
3849,22:47:40.337,24.4,2,NO,0,0,12,35
3850,22:47:40.471,7.4,2,NO,0,0,12,35
3851,22:47:40.523,19.4,2,NO,0,0,12,35
3852,22:47:40.654,7.7,2,NO,0,0,12,35
3853,22:47:40.705,19.6,2,NO,0,0,12,35
3854,22:47:40.805,9.9,2,NO,0,0,12,35
3855,22:47:40.846,24.9,2,NO,0,0,12,35
3856,22:47:40.946,9.9,2,NO,0,0,12,35
3857,22:47:40.996,20.0,2,NO,0,0,12,35
3858,22:47:41.105,9.2,2,NO,0,0,12,35
3859,22:47:41.143,26.4,2,NO,0,0,12,35
3860,22:47:41.251,9.3,1,NO,0,0,12,35
3861,22:47:41.282,31.6,1,NO,0,0,12,35
3862,22:47:41.420,7.2,1,NO,0,0,12,35
3863,22:47:41.463,23.6,1,NO,0,0,12,35
3864,22:47:41.589,7.9,1,NO,0,0,12,35
3865,22:47:41.639,20.0,1,NO,0,0,12,35
3866,22:47:41.753,8.7,1,NO,0,0,12,35
3867,22:47:41.788,29.2,1,NO,0,0,12,35
3868,22:47:41.913,8.0,1,NO,0,0,12,35
3869,22:47:41.969,18.1,1,NO,0,0,12,35
3870,22:47:42.100,7.6,1,NO,0,0,12,35
3871,22:47:42.145,22.4,1,NO,0,0,12,35
3872,22:47:42.237,10.8,1,NO,0,0,12,35
3873,22:47:42.274,27.7,1,NO,0,0,12,35
3874,22:47:42.417,7.0,1,NO,0,0,12,35
3875,22:47:42.451,29.3,1,NO,0,0,12,35
3876,22:47:42.563,9.0,1,NO,0,0,12,35
3877,22:47:42.608,21.7,1,NO,0,0,12,35
3878,22:47:42.726,8.5,1,NO,0,0,12,35
3879,22:47:42.783,17.6,1,NO,0,0,12,35
3880,22:47:42.903,8.3,0,NO,0,0,12,35
3881,22:47:42.950,21.2,0,NO,0,0,12,35
3882,22:47:43.059,9.2,0,NO,0,0,12,35
3883,22:47:43.097,26.2,0,NO,0,0,12,35
3884,22:47:43.200,9.7,0,NO,0,0,12,35
3885,22:47:43.234,29.1,0,NO,0,0,12,35
3886,22:47:43.321,11.6,0,NO,0,0,12,35
3887,22:47:43.364,23.0,0,NO,0,0,12,35
3888,22:47:43.495,7.7,0,NO,0,0,12,35
3889,22:47:43.534,25.5,0,NO,0,0,12,35
3890,22:47:43.669,7.4,1,NO,0,0,12,35
3891,22:47:43.706,27.6,1,NO,0,0,12,35
3892,22:47:43.826,8.3,1,NO,0,0,12,35
3893,22:47:43.859,29.9,1,NO,0,0,12,35
3894,22:47:43.997,7.3,1,NO,0,0,12,35
3895,22:47:44.041,22.7,1,NO,0,0,12,35
3896,22:47:44.141,10.0,1,NO,0,0,12,35
3897,22:47:44.189,20.7,1,NO,0,0,12,35
3898,22:47:44.293,9.6,1,NO,0,0,12,35
3899,22:47:44.327,29.9,1,NO,0,0,12,35
3900,22:47:44.477,6.7,0,NO,0,0,12,35
3901,22:47:44.528,19.5,0,NO,0,0,12,35
3902,22:47:44.674,6.9,0,NO,0,0,12,35
3903,22:47:44.710,28.2,0,NO,0,0,12,35
3904,22:47:44.823,8.7,0,NO,0,0,12,35
3905,22:47:44.854,32.8,0,NO,0,0,12,35
3906,22:47:44.984,7.7,0,NO,0,0,12,35
3907,22:47:45.027,23.3,0,NO,0,0,12,35
3908,22:47:45.141,8.8,0,NO,0,0,12,35
3909,22:47:45.192,19.3,0,NO,0,0,12,35
3910,22:47:45.300,9.3,1,NO,0,0,12,35
3911,22:47:45.346,21.7,1,NO,0,0,12,35
3912,22:47:45.470,8.0,1,NO,0,0,12,35
3913,22:47:45.529,17.4,1,NO,0,0,12,35
3914,22:47:45.679,6.6,1,NO,0,0,12,35
3915,22:47:45.713,29.4,1,NO,0,0,12,35
3916,22:47:45.803,11.1,1,NO,0,0,12,35
3917,22:47:45.845,23.5,1,NO,0,0,12,35
3918,22:47:45.967,8.3,1,NO,0,0,12,35
3919,22:47:46.011,22.6,1,NO,0,0,12,35
3920,22:47:46.152,7.1,1,NO,0,0,12,35
3921,22:47:46.182,32.5,1,NO,0,0,12,35
3922,22:47:46.276,10.7,1,NO,0,0,12,35
3923,22:47:46.309,29.6,1,NO,0,0,12,35
3924,22:47:46.405,10.4,1,NO,0,0,12,35
3925,22:47:46.432,37.7,1,NO,0,0,12,35
3926,22:47:46.539,9.3,1,NO,0,0,12,35
3927,22:47:46.589,20.3,1,NO,0,0,12,35
3928,22:47:46.705,8.6,1,NO,0,0,12,35
3929,22:47:46.762,17.5,1,NO,0,0,12,35
3930,22:47:46.884,8.2,1,NO,0,0,12,35
3931,22:47:46.919,28.9,1,NO,0,0,12,35
3932,22:47:47.015,10.4,1,NO,0,0,12,35
3933,22:47:47.063,20.8,1,NO,0,0,12,35
3934,22:47:47.160,10.3,1,NO,0,0,12,38
3935,22:47:47.220,16.9,1,NO,0,0,12,38
3936,22:47:47.338,8.4,1,NO,0,0,12,38
3937,22:47:47.380,23.8,1,NO,0,0,12,38
3938,22:47:47.496,8.7,1,NO,0,0,12,39
3939,22:47:47.533,26.4,1,NO,0,0,12,39
3940,22:47:47.665,7.6,2,NO,0,0,12,40
3941,22:47:47.714,20.3,2,NO,0,0,12,38
3942,22:47:47.832,8.5,2,NO,0,0,12,39
3943,22:47:47.861,34.6,2,NO,0,0,12,39
3944,22:47:47.946,11.8,2,NO,0,0,12,39
3945,22:47:47.983,26.7,2,NO,0,0,12,38
3946,22:47:48.085,9.8,2,NO,0,0,12,38
3947,22:47:48.122,27.6,2,NO,0,0,12,39
3948,22:47:48.215,10.8,2,NO,0,0,12,38
3949,22:47:48.260,22.0,2,NO,0,0,12,39
3950,22:47:48.393,7.5,2,NO,0,0,12,39
3951,22:47:48.444,19.9,2,NO,0,0,12,42
3952,22:47:48.568,8.0,2,NO,0,0,12,42
3953,22:47:48.612,23.3,2,NO,0,0,12,43
3954,22:47:48.730,8.5,2,NO,0,0,12,43
3955,22:47:48.769,25.5,2,NO,0,0,12,43
3956,22:47:48.927,6.3,2,NO,0,0,12,43
3957,22:47:48.971,23.2,2,NO,0,0,12,42
3958,22:47:49.081,9.0,2,NO,0,0,12,43
3959,22:47:49.113,31.7,2,NO,0,0,12,43
3960,22:47:49.240,7.9,1,NO,0,0,12,43
3961,22:47:49.317,13.1,1,NO,0,0,12,43
3962,22:47:49.438,8.2,1,NO,0,0,12,44
3963,22:47:49.486,21.1,1,NO,0,0,12,44
3964,22:47:49.611,7.9,1,NO,0,0,12,45
3965,22:47:49.644,31.1,1,NO,0,0,12,45
3966,22:47:49.749,9.5,1,NO,0,0,12,45
3967,22:47:49.804,18.2,1,NO,0,0,12,44
3968,22:47:49.917,8.9,1,NO,0,0,12,44
3969,22:47:49.971,18.4,1,NO,0,0,12,44
3970,22:47:50.109,7.2,2,NO,0,0,12,44
3971,22:47:50.164,18.4,2,NO,0,0,12,44
3972,22:47:50.266,9.7,2,NO,0,0,12,44
3973,22:47:50.308,24.1,2,NO,0,0,12,44
3974,22:47:50.428,8.3,2,NO,0,0,12,44
3975,22:47:50.457,35.0,2,NO,0,0,12,43
3976,22:47:50.566,9.2,2,NO,0,0,12,43
3977,22:47:50.612,21.4,2,NO,0,0,12,42
3978,22:47:50.735,8.1,2,NO,0,0,12,42
3979,22:47:50.768,30.5,2,NO,0,0,12,41
3980,22:47:50.896,7.8,0,NO,0,0,12,42
3981,22:47:50.940,22.1,0,NO,0,0,12,42
3982,22:47:51.056,8.7,0,NO,0,0,12,42
3983,22:47:51.089,30.4,0,NO,0,0,12,42
3984,22:47:51.185,10.4,0,NO,0,0,12,43
3985,22:47:51.226,24.7,0,NO,0,0,12,42
3986,22:47:51.320,10.5,0,NO,0,0,12,42
3987,22:47:51.355,30.0,0,NO,0,0,12,42
3988,22:47:51.467,8.9,0,NO,0,0,12,43
3989,22:47:51.511,22.2,0,NO,0,0,12,42
3990,22:47:51.627,8.7,1,NO,0,0,12,43
3991,22:47:51.673,21.5,1,NO,0,0,12,42
3992,22:47:51.792,8.4,1,NO,0,0,12,41
3993,22:47:51.846,18.5,1,NO,0,0,12,41
3994,22:47:51.957,9.0,1,NO,0,0,12,41
3995,22:47:52.008,20.2,1,NO,0,0,12,42
3996,22:47:52.105,10.2,1,NO,0,0,12,41
3997,22:47:52.143,26.3,1,NO,0,0,12,42
3998,22:47:52.249,9.4,1,NO,0,0,12,43
3999,22:47:52.279,32.5,1,NO,0,0,12,44
4000,22:47:52.423,7.0,1,NO,0,0,12,44
4001,22:47:52.484,16.1,1,NO,0,0,12,44
4002,22:47:52.613,7.8,1,NO,0,0,12,43
4003,22:47:52.663,19.8,1,NO,0,0,12,44
4004,22:47:52.792,7.8,1,NO,0,0,12,44
4005,22:47:52.840,20.6,1,NO,0,0,12,45
4006,22:47:52.965,8.0,1,NO,0,0,12,45
4007,22:47:53.010,22.6,1,NO,0,0,12,46
4008,22:47:53.113,9.7,1,NO,0,0,12,47
4009,22:47:53.169,17.9,1,NO,0,0,12,48
4010,22:47:53.288,8.4,2,NO,0,0,12,48
4011,22:47:53.320,30.8,2,NO,0,0,12,48
4012,22:47:53.446,8.0,2,NO,0,0,12,48
4013,22:47:53.485,25.2,2,NO,0,0,12,48
4014,22:47:53.598,8.9,2,NO,0,0,12,48
4015,22:47:53.667,14.4,2,NO,0,0,12,48
4016,22:47:53.774,9.3,2,NO,0,0,12,48
4017,22:47:53.822,21.0,2,NO,0,0,12,48
4018,22:47:53.948,7.9,2,NO,0,0,12,48
4019,22:47:53.982,29.9,2,NO,0,0,12,48
4020,22:47:54.107,8.0,2,NO,0,0,12,48
4021,22:47:54.155,21.2,2,NO,0,0,12,47
4022,22:47:54.263,9.2,2,NO,0,0,12,46
4023,22:47:54.307,23.1,2,NO,0,0,12,46
4024,22:47:54.431,8.0,2,NO,0,0,12,46
4025,22:47:54.474,23.6,2,NO,0,0,12,46
4026,22:47:54.597,8.1,2,NO,0,0,12,46
4027,22:47:54.660,16.1,2,NO,0,0,12,46
4028,22:47:54.781,8.2,2,NO,0,0,12,45
4029,22:47:54.815,29.5,2,NO,0,0,12,45
4030,22:47:54.951,7.4,2,NO,0,0,12,45
4031,22:47:54.996,22.0,2,NO,0,0,12,45
4032,22:47:55.114,8.5,2,NO,0,0,12,45
4033,22:47:55.144,33.2,2,NO,0,0,12,45
4034,22:47:55.251,9.4,2,NO,0,0,12,44
4035,22:47:55.331,12.6,2,NO,0,0,12,44
4036,22:47:55.436,9.4,2,NO,0,0,12,44
4037,22:47:55.478,24.4,2,NO,0,0,12,44
4038,22:47:55.615,7.3,2,NO,0,0,12,44
4039,22:47:55.645,33.3,2,NO,0,0,12,44
4040,22:47:55.769,8.1,2,NO,0,0,12,44
4041,22:47:55.806,26.9,2,NO,0,0,12,44
4042,22:47:55.917,9.0,2,NO,0,0,12,44
4043,22:47:55.951,29.3,2,NO,0,0,12,44
4044,22:47:56.069,8.5,2,NO,0,0,12,44
4045,22:47:56.108,25.7,2,NO,0,0,12,44
4046,22:47:56.222,8.8,2,NO,0,0,12,45
4047,22:47:56.259,27.1,2,NO,0,0,12,44
4048,22:47:56.424,6.0,2,NO,0,0,12,44
4049,22:47:56.477,18.9,2,NO,0,0,12,44
4050,22:47:56.590,8.8,3,NO,0,0,12,44
4051,22:47:56.620,33.9,3,NO,0,0,12,44
4052,22:47:56.734,8.8,3,NO,0,0,12,44
4053,22:47:56.793,17.1,3,NO,0,0,12,44
4054,22:47:56.914,8.2,3,NO,0,0,12,44
4055,22:47:56.947,30.5,3,NO,0,0,12,44
4056,22:47:57.057,9.1,3,NO,0,0,12,43
4057,22:47:57.087,33.4,3,NO,0,0,12,43
4058,22:47:57.183,10.5,3,NO,0,0,12,42
4059,22:47:57.208,38.0,3,NO,0,0,12,42
4060,22:47:57.317,9.3,1,NO,0,0,12,42
4061,22:47:57.377,16.7,1,NO,0,0,12,42
4062,22:47:57.481,9.5,1,NO,0,0,12,42
4063,22:47:57.535,18.7,1,NO,0,0,12,41
4064,22:47:57.675,7.1,1,NO,0,0,12,41
4065,22:47:57.750,13.5,1,NO,0,0,12,42
4066,22:47:57.864,8.8,1,NO,0,0,12,42
4067,22:47:57.901,25.8,1,NO,0,0,12,42
4068,22:47:58.032,7.7,1,NO,0,0,12,41
4069,22:47:58.062,32.8,1,NO,0,0,12,41
4070,22:47:58.174,8.9,2,NO,0,0,12,41
4071,22:47:58.218,23.1,2,NO,0,0,12,41
4072,22:47:58.304,11.5,2,NO,0,0,12,41
4073,22:47:58.348,23.3,2,NO,0,0,12,41
4074,22:47:58.455,9.3,2,NO,0,0,12,41
4075,22:47:58.534,12.7,2,NO,0,0,12,41
4076,22:47:58.646,8.9,2,NO,0,0,12,41
4077,22:47:58.694,20.9,2,NO,0,0,12,42
4078,22:47:58.800,9.4,2,NO,0,0,12,41
4079,22:47:58.831,31.7,2,NO,0,0,12,41
4080,22:47:58.944,8.9,0,NO,0,0,12,41
4081,22:47:58.972,35.8,0,NO,0,0,12,41
4082,22:47:59.067,10.5,0,NO,0,0,12,41
4083,22:47:59.097,33.4,0,NO,0,0,12,41
4084,22:47:59.187,11.3,0,NO,0,0,12,41
4085,22:47:59.236,19.8,0,NO,0,0,12,41
4086,22:47:59.363,7.9,0,NO,0,0,12,41
4087,22:47:59.413,20.0,0,NO,0,0,12,40
4088,22:47:59.543,7.7,0,NO,0,0,12,40
4089,22:47:59.586,23.4,0,NO,0,0,12,40
4090,22:47:59.694,9.2,1,NO,0,0,12,40
4091,22:47:59.722,36.5,1,NO,0,0,12,40
4092,22:47:59.839,8.5,1,NO,0,0,12,41
4093,22:47:59.895,17.9,1,NO,0,0,12,39
4094,22:47:59.986,11.1,1,NO,0,0,12,39
4095,22:48:00.017,31.7,1,NO,0,0,12,39
4096,22:48:00.151,7.5,1,NO,0,0,12,39
4097,22:48:00.202,19.6,1,NO,0,0,12,39
4098,22:48:00.305,9.7,1,NO,0,0,12,39
4099,22:48:00.362,17.3,1,NO,0,0,12,39
4100,22:48:00.470,9.3,1,NO,0,0,12,40
4101,22:48:00.511,24.4,1,NO,0,0,12,39
4102,22:48:00.615,9.7,1,NO,0,0,12,39
4103,22:48:00.663,20.7,1,NO,0,0,12,39
4104,22:48:00.753,11.0,1,NO,0,0,12,39
4105,22:48:00.784,31.8,1,NO,0,0,12,39
4106,22:48:00.907,8.2,1,NO,0,0,12,39
4107,22:48:00.948,24.3,1,NO,0,0,12,39
4108,22:48:01.068,8.3,1,NO,0,0,12,39
4109,22:48:01.101,30.3,1,NO,0,0,12,39
4110,22:48:01.222,8.2,1,NO,0,0,12,39
4111,22:48:01.287,15.5,1,NO,0,0,12,39
4112,22:48:01.416,7.8,1,NO,0,0,12,39
4113,22:48:01.464,20.6,1,NO,0,0,12,39
4114,22:48:01.603,7.2,1,NO,0,0,12,38
4115,22:48:01.637,28.7,1,NO,0,0,12,38
4116,22:48:01.755,8.5,1,NO,0,0,12,39
4117,22:48:01.808,18.7,1,NO,0,0,12,38
4118,22:48:01.898,11.2,1,NO,0,0,12,39
4119,22:48:01.934,28.3,1,NO,0,0,12,39
4120,22:48:02.062,7.8,2,NO,0,0,12,40
4121,22:48:02.094,31.9,2,NO,0,0,12,39
4122,22:48:02.181,11.4,2,NO,0,0,12,39
4123,22:48:02.228,21.3,2,NO,0,0,12,40
4124,22:48:02.332,9.6,2,NO,0,0,12,40
4125,22:48:02.385,19.1,2,NO,0,0,12,40
4126,22:48:02.516,7.6,2,NO,0,0,12,40
4127,22:48:02.560,22.5,2,NO,0,0,12,40
4128,22:48:02.676,8.7,2,NO,0,0,12,39
4129,22:48:02.702,39.2,2,NO,0,0,12,39
4130,22:48:02.824,8.2,1,NO,0,0,12,40
4131,22:48:02.869,22.0,1,NO,0,0,12,40
4132,22:48:02.984,8.6,1,NO,0,0,12,40
4133,22:48:03.031,21.6,1,NO,0,0,12,40
4134,22:48:03.145,8.8,1,NO,0,0,12,40
4135,22:48:03.181,28.4,1,NO,0,0,12,40
4136,22:48:03.292,8.9,1,NO,0,0,12,40
4137,22:48:03.329,27.2,1,NO,0,0,12,40
4138,22:48:03.443,8.8,1,NO,0,0,12,40
4139,22:48:03.495,19.1,1,NO,0,0,12,40
4140,22:48:03.637,7.1,1,NO,0,0,12,40
4141,22:48:03.680,22.9,1,NO,0,0,12,40
4142,22:48:03.795,8.7,1,NO,0,0,12,39
4143,22:48:03.837,24.2,1,NO,0,0,12,39
4144,22:48:03.943,9.3,1,NO,0,0,12,38
4145,22:48:04.017,13.6,1,NO,0,0,12,38
4146,22:48:04.137,8.3,1,NO,0,0,12,38
4147,22:48:04.171,30.1,1,NO,0,0,12,38
4148,22:48:04.268,10.3,1,NO,0,0,12,38
4149,22:48:04.302,28.9,1,NO,0,0,12,38
4150,22:48:04.448,6.9,1,NO,0,0,12,38
4151,22:48:04.496,21.0,1,NO,0,0,12,38
4152,22:48:04.616,8.3,1,NO,0,0,12,37
4153,22:48:04.691,13.5,1,NO,0,0,12,38
4154,22:48:04.804,8.9,1,NO,0,0,12,38
4155,22:48:04.833,33.5,1,NO,0,0,12,37
4156,22:48:04.943,9.1,1,NO,0,0,12,37
4157,22:48:04.973,33.6,1,NO,0,0,12,37
4158,22:48:05.082,9.2,1,NO,0,0,12,37
4159,22:48:05.120,26.4,1,NO,0,0,12,37
4160,22:48:05.239,8.4,3,NO,0,0,12,37
4161,22:48:05.274,28.5,3,NO,0,0,12,36
4162,22:48:05.392,8.5,3,NO,0,0,12,35
4163,22:48:05.446,18.5,3,NO,0,0,12,35
4164,22:48:05.561,8.6,3,NO,0,0,12,35
4165,22:48:05.615,18.7,3,NO,0,0,12,35
4166,22:48:05.733,8.5,3,NO,0,0,12,35
4167,22:48:05.803,14.4,3,NO,0,0,12,35
4168,22:48:05.918,8.7,3,NO,0,0,12,35
4169,22:48:05.959,24.5,3,NO,0,0,12,35
4170,22:48:06.100,7.1,3,NO,0,0,12,35
4171,22:48:06.141,24.1,3,NO,0,0,12,35
4172,22:48:06.250,9.2,3,NO,0,0,12,35
4173,22:48:06.294,22.9,3,NO,0,0,12,35
4174,22:48:06.400,9.5,3,NO,0,0,12,35
4175,22:48:06.454,18.7,3,NO,0,0,12,35
4176,22:48:06.594,7.1,3,NO,0,0,12,35
4177,22:48:06.653,17.2,3,NO,0,0,12,35
4178,22:48:06.755,9.7,3,NO,0,0,12,35
4179,22:48:06.796,24.7,3,NO,0,0,12,35
4180,22:48:06.923,7.9,2,NO,0,0,12,35
4181,22:48:06.962,25.2,2,NO,0,0,12,35
4182,22:48:07.083,8.3,2,NO,0,0,12,35
4183,22:48:07.136,18.9,2,NO,0,0,12,35
4184,22:48:07.245,9.1,2,NO,0,0,12,35
4185,22:48:07.306,16.5,2,NO,0,0,12,35
4186,22:48:07.392,11.7,2,NO,0,0,12,35
4187,22:48:07.424,31.8,2,NO,0,0,12,35
4188,22:48:07.523,10.0,2,NO,0,0,12,35
4189,22:48:07.582,16.7,2,NO,0,0,12,35
4190,22:48:07.706,8.1,0,NO,0,0,12,35
4191,22:48:07.755,20.6,0,NO,0,0,12,35
4192,22:48:07.871,8.6,0,NO,0,0,12,35
4193,22:48:07.926,18.5,0,NO,0,0,12,35
4194,22:48:08.049,8.2,0,NO,0,0,12,35
4195,22:48:08.094,21.9,0,NO,0,0,12,35
4196,22:48:08.225,7.6,0,NO,0,0,12,35
4197,22:48:08.269,22.9,0,NO,0,0,12,35
4198,22:48:08.379,9.1,0,NO,0,0,12,35
4199,22:48:08.428,20.0,0,NO,0,0,12,35
4200,22:48:08.553,8.0,2,NO,0,0,12,35
4201,22:48:08.603,20.0,2,NO,0,0,12,35
4202,22:48:08.707,9.6,2,NO,0,0,12,35
4203,22:48:08.747,25.3,2,NO,0,0,12,35
4204,22:48:08.872,8.0,2,NO,0,0,12,35
4205,22:48:08.922,19.8,2,NO,0,0,12,35
4206,22:48:09.033,9.1,2,NO,0,0,12,35
4207,22:48:09.091,17.1,2,NO,0,0,12,35
4208,22:48:09.188,10.4,2,NO,0,0,12,35
4209,22:48:09.238,19.5,2,NO,0,0,12,35
4210,22:48:09.395,6.4,1,NO,0,0,12,35
4211,22:48:09.434,25.8,1,NO,0,0,12,35
4212,22:48:09.562,7.8,1,NO,0,0,12,35
4213,22:48:09.590,34.7,1,NO,0,0,12,35
4214,22:48:09.707,8.6,1,NO,0,0,12,35
4215,22:48:09.749,23.9,1,NO,0,0,12,35
4216,22:48:09.846,10.3,1,NO,0,0,12,35
4217,22:48:09.887,24.5,1,NO,0,0,12,35
4218,22:48:10.006,8.4,1,NO,0,0,12,35
4219,22:48:10.054,20.9,1,NO,0,0,12,35
4220,22:48:10.172,8.4,2,NO,0,0,12,35
4221,22:48:10.200,36.0,2,NO,0,0,12,35
4222,22:48:10.285,11.7,2,NO,0,0,12,35
4223,22:48:10.354,14.7,2,NO,0,0,12,35
4224,22:48:10.459,9.5,2,NO,0,0,12,35
4225,22:48:10.530,14.1,2,NO,0,0,12,35
4226,22:48:10.642,9.0,2,NO,0,0,12,35
4227,22:48:10.676,28.2,2,NO,0,0,12,35
4228,22:48:10.800,8.1,2,NO,0,0,12,35
4229,22:48:10.837,26.4,2,NO,0,0,12,35
4230,22:48:10.954,8.6,1,NO,0,0,12,35
4231,22:48:10.990,28.5,1,NO,0,0,12,35
4232,22:48:11.114,8.0,1,NO,0,0,12,35
4233,22:48:11.171,17.7,1,NO,0,0,12,35
4234,22:48:11.267,10.4,1,NO,0,0,12,35
4235,22:48:11.308,23.8,1,NO,0,0,12,35
4236,22:48:11.412,9.6,1,NO,0,0,12,35
4237,22:48:11.482,14.3,1,NO,0,0,12,35
4238,22:48:11.583,9.9,1,NO,0,0,12,35
4239,22:48:11.654,14.2,1,NO,0,0,12,35
4240,22:48:11.792,7.3,2,NO,0,0,12,35
4241,22:48:11.856,15.3,2,NO,0,0,12,35
4242,22:48:11.953,10.3,2,NO,0,0,12,35
4243,22:48:12.005,19.5,2,NO,0,0,12,35
4244,22:48:12.108,9.7,2,NO,0,0,12,35
4245,22:48:12.160,19.1,2,NO,0,0,12,35
4246,22:48:12.274,8.7,2,NO,0,0,12,35
4247,22:48:12.315,24.3,2,NO,0,0,12,35
4248,22:48:12.428,8.9,2,NO,0,0,12,35
4249,22:48:12.475,21.3,2,NO,0,0,12,35
4250,22:48:12.597,8.2,1,NO,0,0,12,35
4251,22:48:12.633,27.6,1,NO,0,0,12,35
4252,22:48:12.733,9.9,1,NO,0,0,12,35
4253,22:48:12.769,28.5,1,NO,0,0,12,35
4254,22:48:12.884,8.6,1,NO,0,0,12,35
4255,22:48:12.923,25.9,1,NO,0,0,12,35
4256,22:48:13.043,8.4,1,NO,0,0,12,35
4257,22:48:13.087,23.0,1,NO,0,0,12,35
4258,22:48:13.194,9.3,1,NO,0,0,12,35
4259,22:48:13.237,23.2,1,NO,0,0,12,35
4260,22:48:13.356,8.4,3,NO,0,0,12,35
4261,22:48:13.413,17.4,3,NO,0,0,12,35
4262,22:48:13.536,8.2,3,NO,0,0,12,35
4263,22:48:13.583,21.6,3,NO,0,0,12,35
4264,22:48:13.693,9.0,3,NO,0,0,12,35
4265,22:48:13.752,16.8,3,NO,0,0,12,35
4266,22:48:13.873,8.4,3,NO,0,0,12,35
4267,22:48:13.935,15.9,3,NO,0,0,12,35
4268,22:48:14.044,9.2,3,NO,0,0,12,35
4269,22:48:14.082,26.5,3,NO,0,0,12,35
4270,22:48:14.192,9.1,0,NO,0,0,12,35
4271,22:48:14.237,22.2,0,NO,0,0,12,35
4272,22:48:14.365,7.8,0,NO,0,0,12,35
4273,22:48:14.402,27.3,0,NO,0,0,12,35
4274,22:48:14.502,10.0,0,NO,0,0,12,35
4275,22:48:14.540,26.4,0,NO,0,0,12,35
4276,22:48:14.659,8.3,0,NO,0,0,12,35
4277,22:48:14.715,18.0,0,NO,0,0,12,35
4278,22:48:14.814,10.1,0,NO,0,0,12,35
4279,22:48:14.868,18.5,0,NO,0,0,12,35
4280,22:48:14.987,8.4,0,NO,0,0,12,35
4281,22:48:15.039,19.3,0,NO,0,0,12,35
4282,22:48:15.132,10.7,0,NO,0,0,12,35
4283,22:48:15.162,33.0,0,NO,0,0,12,35
4284,22:48:15.262,10.0,0,NO,0,0,12,35
4285,22:48:15.329,15.2,0,NO,0,0,12,35
4286,22:48:15.429,9.8,0,NO,0,0,12,35
4287,22:48:15.459,34.5,0,NO,0,0,12,35
4288,22:48:15.548,11.3,0,NO,0,0,12,35
4289,22:48:15.584,27.8,0,NO,0,0,12,35
4290,22:48:15.689,9.5,1,NO,0,0,12,35
4291,22:48:15.723,29.8,1,NO,0,0,12,35
4292,22:48:15.804,12.2,1,NO,0,0,12,35
4293,22:48:15.851,21.8,1,NO,0,0,12,35
4294,22:48:15.964,8.8,1,NO,0,0,12,35
4295,22:48:16.023,16.9,1,NO,0,0,12,35
4296,22:48:16.142,8.5,1,NO,0,0,12,35
4297,22:48:16.195,18.7,1,NO,0,0,12,35
4298,22:48:16.299,9.6,1,NO,0,0,12,35
4299,22:48:16.331,30.7,1,NO,0,0,12,35
4300,22:48:16.441,9.1,2,NO,0,0,12,35
4301,22:48:16.483,23.7,2,NO,0,0,12,35
4302,22:48:16.600,8.5,2,NO,0,0,12,35
4303,22:48:16.642,23.7,2,NO,0,0,12,35
4304,22:48:16.767,8.0,2,NO,0,0,12,35
4305,22:48:16.818,19.4,2,NO,0,0,12,35
4306,22:48:16.946,7.9,2,NO,0,0,12,35
4307,22:48:16.983,27.0,2,NO,0,0,12,35
4308,22:48:17.083,9.9,2,NO,0,0,12,35
4309,22:48:17.140,17.9,2,NO,0,0,12,35
4310,22:48:17.241,9.8,1,NO,0,0,12,35
4311,22:48:17.281,24.4,1,NO,0,0,12,35
4312,22:48:17.410,7.9,1,NO,0,0,12,35
4313,22:48:17.456,21.2,1,NO,0,0,12,35
4314,22:48:17.566,9.1,1,NO,0,0,12,35
4315,22:48:17.613,21.3,1,NO,0,0,12,35
4316,22:48:17.729,8.6,1,NO,0,0,12,35
4317,22:48:17.763,30.4,1,NO,0,0,12,35
4318,22:48:17.907,6.9,1,NO,0,0,12,35
4319,22:48:17.966,17.1,1,NO,0,0,12,35
4320,22:48:18.108,7.1,1,NO,0,0,12,35
4321,22:48:18.148,24.5,1,NO,0,0,12,35
4322,22:48:18.266,8.5,1,NO,0,0,12,35
4323,22:48:18.339,13.5,1,NO,0,0,12,35
4324,22:48:18.453,8.8,1,NO,0,0,12,35
4325,22:48:18.494,24.7,1,NO,0,0,12,35
4326,22:48:18.612,8.4,1,NO,0,0,12,35
4327,22:48:18.646,30.2,1,NO,0,0,12,35
4328,22:48:18.776,7.7,1,NO,0,0,12,35
4329,22:48:18.829,18.7,1,NO,0,0,12,35
4330,22:48:18.973,7.0,2,NO,0,0,12,35
4331,22:48:19.021,20.7,2,NO,0,0,12,35
4332,22:48:19.109,11.3,2,NO,0,0,12,35
4333,22:48:19.150,24.8,2,NO,0,0,12,35
4334,22:48:19.262,8.9,2,NO,0,0,12,35
4335,22:48:19.311,20.8,2,NO,0,0,12,35
4336,22:48:19.428,8.5,2,NO,0,0,12,35
4337,22:48:19.501,13.7,2,NO,0,0,12,35
4338,22:48:19.622,8.2,2,NO,0,0,12,35
4339,22:48:19.661,25.7,2,NO,0,0,12,35
4340,22:48:19.778,8.6,2,NO,0,0,12,35
4341,22:48:19.835,17.4,2,NO,0,0,12,35
4342,22:48:19.948,8.9,2,NO,0,0,12,35
4343,22:48:19.986,26.1,2,NO,0,0,12,35
4344,22:48:20.085,10.1,2,NO,0,0,12,35
4345,22:48:20.129,22.4,2,NO,0,0,12,35
4346,22:48:20.243,8.9,2,NO,0,0,12,35
4347,22:48:20.284,24.0,2,NO,0,0,12,35
4348,22:48:20.393,9.2,2,NO,0,0,12,35
4349,22:48:20.432,26.1,2,NO,0,0,12,35
4350,22:48:20.554,8.2,1,NO,0,0,12,35
4351,22:48:20.592,26.4,1,NO,0,0,12,35
4352,22:48:20.712,8.3,1,NO,0,0,12,35
4353,22:48:20.746,29.8,1,NO,0,0,12,35
4354,22:48:20.854,9.2,1,NO,0,0,12,35
4355,22:48:20.887,30.2,1,NO,0,0,12,35
4356,22:48:21.008,8.3,1,NO,0,0,12,35
4357,22:48:21.042,29.2,1,NO,0,0,12,35
4358,22:48:21.141,10.1,1,NO,0,0,12,35
4359,22:48:21.190,20.5,1,NO,0,0,12,35
4360,22:48:21.302,8.9,2,NO,0,0,12,35
4361,22:48:21.351,20.3,2,NO,0,0,12,35
4362,22:48:21.468,8.6,2,NO,0,0,12,35
4363,22:48:21.549,12.3,2,NO,0,0,12,35
4364,22:48:21.659,9.1,2,NO,0,0,12,35
4365,22:48:21.749,11.0,2,NO,0,0,12,35
4366,22:48:21.853,9.7,2,NO,0,0,12,35
4367,22:48:21.929,13.1,2,NO,0,0,12,35
4368,22:48:22.036,9.3,2,NO,0,0,12,35
4369,22:48:22.070,29.3,2,NO,0,0,12,35
4370,22:48:22.184,8.8,2,NO,0,0,12,35
4371,22:48:22.240,17.9,2,NO,0,0,12,35
4372,22:48:22.346,9.4,2,NO,0,0,12,35
4373,22:48:22.383,26.9,2,NO,0,0,12,35
4374,22:48:22.509,8.0,2,NO,0,0,12,35
4375,22:48:22.538,34.4,2,NO,0,0,12,35
4376,22:48:22.635,10.3,2,NO,0,0,12,35
4377,22:48:22.690,18.3,2,NO,0,0,12,35
4378,22:48:22.795,9.5,2,NO,0,0,12,35
4379,22:48:22.848,19.3,2,NO,0,0,12,35
4380,22:48:22.959,8.9,1,NO,0,0,12,35
4381,22:48:23.003,22.5,1,NO,0,0,12,35
4382,22:48:23.114,9.1,1,NO,0,0,12,35
4383,22:48:23.148,28.4,1,NO,0,0,12,35
4384,22:48:23.277,7.7,1,NO,0,0,12,35
4385,22:48:23.312,28.4,1,NO,0,0,12,35
4386,22:48:23.466,6.5,1,NO,0,0,12,35
4387,22:48:23.523,17.7,1,NO,0,0,12,35
4388,22:48:23.632,9.1,1,NO,0,0,12,35
4389,22:48:23.667,28.9,1,NO,0,0,12,35
4390,22:48:23.804,7.3,0,NO,0,0,12,35
4391,22:48:23.849,22.7,0,NO,0,0,12,35
4392,22:48:23.970,8.2,0,NO,0,0,12,35
4393,22:48:24.023,18.9,0,NO,0,0,12,35
4394,22:48:24.119,10.4,0,NO,0,0,12,35
4395,22:48:24.168,20.5,0,NO,0,0,12,35
4396,22:48:24.285,8.6,0,NO,0,0,12,35
4397,22:48:24.331,21.7,0,NO,0,0,12,35
4398,22:48:24.449,8.5,0,NO,0,0,12,35
4399,22:48:24.477,36.0,0,NO,0,0,12,35
4400,22:48:24.590,8.8,2,NO,0,0,12,35
4401,22:48:24.647,17.5,2,NO,0,0,12,35
4402,22:48:24.790,7.0,2,NO,0,0,12,35
4403,22:48:24.829,25.5,2,NO,0,0,12,35
4404,22:48:24.941,8.9,2,NO,0,0,12,35
4405,22:48:24.979,26.1,2,NO,0,0,12,35
4406,22:48:25.087,9.3,2,NO,0,0,12,35
4407,22:48:25.127,24.6,2,NO,0,0,12,35
4408,22:48:25.228,9.9,2,NO,0,0,12,35
4409,22:48:25.269,24.7,2,NO,0,0,12,35
4410,22:48:25.394,8.0,1,NO,0,0,12,35
4411,22:48:25.442,20.6,1,NO,0,0,12,35
4412,22:48:25.552,9.1,1,NO,0,0,12,35
4413,22:48:25.581,33.7,1,NO,0,0,12,35
4414,22:48:25.713,7.6,1,NO,0,0,12,35
4415,22:48:25.769,17.9,1,NO,0,0,12,35
4416,22:48:25.904,7.5,1,NO,0,0,12,35
4417,22:48:25.955,19.5,1,NO,0,0,12,35
4418,22:48:26.067,8.9,1,NO,0,0,12,35
4419,22:48:26.098,31.7,1,NO,0,0,12,35
4420,22:48:26.215,8.6,1,NO,0,0,12,35
4421,22:48:26.261,21.1,1,NO,0,0,12,35
4422,22:48:26.393,7.6,1,NO,0,0,12,35
4423,22:48:26.425,31.0,1,NO,0,0,12,35
4424,22:48:26.537,8.9,1,NO,0,0,12,35
4425,22:48:26.587,20.1,1,NO,0,0,12,35
4426,22:48:26.704,8.6,1,NO,0,0,12,35
4427,22:48:26.741,26.5,1,NO,0,0,12,35
4428,22:48:26.863,8.2,1,NO,0,0,12,35
4429,22:48:26.908,22.6,1,NO,0,0,12,35
4430,22:48:27.022,8.8,1,NO,0,0,12,35
4431,22:48:27.064,23.5,1,NO,0,0,12,35
4432,22:48:27.159,10.4,1,NO,0,0,12,35
4433,22:48:27.209,20.2,1,NO,0,0,12,35
4434,22:48:27.319,9.1,1,NO,0,0,12,35
4435,22:48:27.368,20.5,1,NO,0,0,12,35
4436,22:48:27.479,9.0,1,NO,0,0,12,35
4437,22:48:27.512,30.2,1,NO,0,0,12,35
4438,22:48:27.640,7.8,1,NO,0,0,12,35
4439,22:48:27.684,23.1,1,NO,0,0,12,35
4440,22:48:27.803,8.3,1,NO,0,0,12,35
4441,22:48:27.852,20.5,1,NO,0,0,12,35
4442,22:48:27.961,9.2,1,NO,0,0,12,35
4443,22:48:28.026,15.6,1,NO,0,0,12,35
4444,22:48:28.121,10.5,1,NO,0,0,12,35
4445,22:48:28.160,26.0,1,NO,0,0,12,35
4446,22:48:28.266,9.4,1,NO,0,0,12,35
4447,22:48:28.295,34.2,1,NO,0,0,12,35
4448,22:48:28.440,6.9,1,NO,0,0,12,35
4449,22:48:28.475,28.3,1,NO,0,0,12,35
4450,22:48:28.618,7.0,1,NO,0,0,12,35
4451,22:48:28.663,22.5,1,NO,0,0,12,35
4452,22:48:28.761,10.2,1,NO,0,0,12,35
4453,22:48:28.839,12.8,1,NO,0,0,12,35
4454,22:48:28.945,9.5,1,NO,0,0,12,35
4455,22:48:28.997,19.1,1,NO,0,0,12,35
4456,22:48:29.099,9.7,1,NO,0,0,12,35
4457,22:48:29.150,20.2,1,NO,0,0,12,35
4458,22:48:29.251,9.8,1,NO,0,0,12,35
4459,22:48:29.279,36.4,1,NO,0,0,12,35
4460,22:48:29.412,7.5,2,NO,0,0,12,35
4461,22:48:29.468,18.1,2,NO,0,0,12,35
4462,22:48:29.562,10.6,2,NO,0,0,12,35
4463,22:48:29.596,29.2,2,NO,0,0,12,35
4464,22:48:29.726,7.7,2,NO,0,0,12,35
4465,22:48:29.764,26.2,2,NO,0,0,12,35
4466,22:48:29.870,9.5,2,NO,0,0,12,35
4467,22:48:29.900,33.2,2,NO,0,0,12,35
4468,22:48:29.991,11.1,2,NO,0,0,12,35
4469,22:48:30.032,24.3,2,NO,0,0,12,35
4470,22:48:30.155,8.1,1,NO,0,0,12,35
4471,22:48:30.185,33.8,1,NO,0,0,12,35
4472,22:48:30.285,10.0,1,NO,0,0,12,35
4473,22:48:30.329,22.3,1,NO,0,0,12,35
4474,22:48:30.446,8.6,1,NO,0,0,12,35
4475,22:48:30.481,28.4,1,NO,0,0,12,35
4476,22:48:30.590,9.2,1,NO,0,0,12,35
4477,22:48:30.626,27.4,1,NO,0,0,12,35
4478,22:48:30.748,8.2,1,NO,0,0,12,35
4479,22:48:30.779,32.5,1,NO,0,0,12,35
4480,22:48:30.892,8.8,1,NO,0,0,12,35
4481,22:48:30.920,35.7,1,NO,0,0,12,35
4482,22:48:31.042,8.2,1,NO,0,0,12,35
4483,22:48:31.084,23.8,1,NO,0,0,12,35
4484,22:48:31.200,8.7,1,NO,0,0,12,35
4485,22:48:31.248,20.5,1,NO,0,0,12,35
4486,22:48:31.383,7.4,1,NO,0,0,12,35
4487,22:48:31.421,26.3,1,NO,0,0,12,35
4488,22:48:31.543,8.2,1,NO,0,0,12,35
4489,22:48:31.580,26.8,1,NO,0,0,12,35
4490,22:48:31.703,8.1,3,NO,0,0,12,35
4491,22:48:31.750,21.4,3,NO,0,0,12,35
4492,22:48:31.872,8.2,3,NO,0,0,12,35
4493,22:48:31.923,19.6,3,NO,0,0,12,35
4494,22:48:32.040,8.5,3,NO,0,0,12,35
4495,22:48:32.102,16.3,3,NO,0,0,12,35
4496,22:48:32.203,9.8,3,NO,0,0,12,35
4497,22:48:32.248,22.2,3,NO,0,0,12,35
4498,22:48:32.389,7.1,3,NO,0,0,12,35
4499,22:48:32.470,12.6,3,NO,0,0,12,35
4500,22:48:32.585,8.6,3,NO,0,0,12,35
4501,22:48:32.657,14.1,3,NO,0,0,12,35
4502,22:48:32.762,9.4,3,NO,0,0,12,35
4503,22:48:32.790,36.0,3,NO,0,0,12,35
4504,22:48:32.902,8.9,3,NO,0,0,12,35
4505,22:48:32.933,33.1,3,NO,0,0,12,35
4506,22:48:33.065,7.6,3,NO,0,0,12,35
4507,22:48:33.103,26.0,3,NO,0,0,12,35
4508,22:48:33.216,8.9,3,NO,0,0,12,35
4509,22:48:33.271,17.9,3,NO,0,0,12,35
4510,22:48:33.453,5.5,1,NO,0,0,12,35
4511,22:48:33.495,23.7,1,NO,0,0,12,35
4512,22:48:33.633,7.2,1,NO,0,0,12,35
4513,22:48:33.681,21.0,1,NO,0,0,12,35
4514,22:48:33.794,8.8,1,NO,0,0,12,35
4515,22:48:33.820,38.3,1,NO,0,0,12,35
4516,22:48:33.923,9.7,1,NO,0,0,12,35
4517,22:48:33.972,20.6,1,NO,0,0,12,35
4518,22:48:34.086,8.8,1,NO,0,0,12,35
4519,22:48:34.124,26.4,1,NO,0,0,12,35
4520,22:48:34.235,9.0,1,NO,0,0,12,35
4521,22:48:34.277,24.3,1,NO,0,0,12,35
4522,22:48:34.365,11.3,1,NO,0,0,12,35
4523,22:48:34.455,11.1,1,NO,0,0,12,35
4524,22:48:34.569,8.7,1,NO,0,0,12,35
4525,22:48:34.617,20.9,1,NO,0,0,12,35
4526,22:48:34.738,8.3,1,NO,0,0,12,35
4527,22:48:34.785,21.3,1,NO,0,0,12,35
4528,22:48:34.926,7.1,1,NO,0,0,12,35
4529,22:48:34.982,17.9,1,NO,0,0,12,35
4530,22:48:35.091,9.1,2,NO,0,0,12,35
4531,22:48:35.133,23.9,2,NO,0,0,12,35
4532,22:48:35.240,9.4,2,NO,0,0,12,35
4533,22:48:35.296,17.7,2,NO,0,0,12,35
4534,22:48:35.400,9.5,2,NO,0,0,12,35
4535,22:48:35.449,20.4,2,NO,0,0,12,35
4536,22:48:35.562,8.9,2,NO,0,0,12,35
4537,22:48:35.612,20.1,2,NO,0,0,12,35
4538,22:48:35.724,9.0,2,NO,0,0,12,35
4539,22:48:35.787,15.9,2,NO,0,0,12,35
4540,22:48:35.919,7.6,1,NO,0,0,12,35
4541,22:48:35.965,21.4,1,NO,0,0,12,35
4542,22:48:36.086,8.3,1,NO,0,0,12,35
4543,22:48:36.138,19.7,1,NO,0,0,12,35
4544,22:48:36.255,8.5,1,NO,0,0,12,35
4545,22:48:36.290,28.8,1,NO,0,0,12,35
4546,22:48:36.433,7.0,1,NO,0,0,12,35
4547,22:48:36.483,19.7,1,NO,0,0,12,35
4548,22:48:36.627,7.0,1,NO,0,0,12,35
4549,22:48:36.669,23.6,1,NO,0,0,12,35
4550,22:48:36.802,7.5,1,NO,0,0,12,35
4551,22:48:36.840,26.5,1,NO,0,0,12,35
4552,22:48:36.975,7.4,1,NO,0,0,12,35
4553,22:48:37.009,29.6,1,NO,0,0,12,35
4554,22:48:37.143,7.5,1,NO,0,0,12,35
4555,22:48:37.174,30.6,1,NO,0,0,12,35
4556,22:48:37.318,6.9,1,NO,0,0,12,35
4557,22:48:37.373,18.4,1,NO,0,0,12,35
4558,22:48:37.504,7.7,1,NO,0,0,12,35
4559,22:48:37.561,17.4,1,NO,0,0,12,35
4560,22:48:37.723,6.2,2,NO,0,0,12,35
4561,22:48:37.797,13.7,2,NO,0,0,12,35
4562,22:48:37.941,6.9,2,NO,0,0,12,35
4563,22:48:38.017,13.3,2,NO,0,0,12,35
4564,22:48:38.121,9.5,2,NO,0,0,12,35
4565,22:48:38.170,20.6,2,NO,0,0,12,35
4566,22:48:38.282,8.9,2,NO,0,0,12,35
4567,22:48:38.313,32.7,2,NO,0,0,12,35
4568,22:48:38.435,8.2,2,NO,0,0,12,35
4569,22:48:38.483,21.2,2,NO,0,0,12,35
4570,22:48:38.611,7.7,1,NO,0,0,12,35
4571,22:48:38.646,29.1,1,NO,0,0,12,35
4572,22:48:38.754,9.3,1,NO,0,0,12,35
4573,22:48:38.794,24.4,1,NO,0,0,12,35
4574,22:48:38.922,7.8,1,NO,0,0,12,35
4575,22:48:38.983,16.4,1,NO,0,0,12,35
4576,22:48:39.083,10.0,1,NO,0,0,12,35
4577,22:48:39.132,20.5,1,NO,0,0,12,35
4578,22:48:39.243,9.0,1,NO,0,0,12,35
4579,22:48:39.288,22.3,1,NO,0,0,12,35
4580,22:48:39.411,8.2,2,NO,0,0,12,35
4581,22:48:39.453,23.4,2,NO,0,0,12,35
4582,22:48:39.562,9.2,2,NO,0,0,12,35
4583,22:48:39.605,23.6,2,NO,0,0,12,35
4584,22:48:39.738,7.4,2,NO,0,0,12,35
4585,22:48:39.778,25.8,2,NO,0,0,12,35
4586,22:48:39.863,11.7,2,NO,0,0,12,35
4587,22:48:39.918,18.0,2,NO,0,0,12,35
4588,22:48:40.025,9.4,2,NO,0,0,12,35
4589,22:48:40.061,27.8,2,NO,0,0,12,35
4590,22:48:40.179,8.5,1,NO,0,0,12,35
4591,22:48:40.228,20.2,1,NO,0,0,12,35
4592,22:48:40.337,9.2,1,NO,0,0,12,35
4593,22:48:40.371,29.5,1,NO,0,0,12,35
4594,22:48:40.476,9.5,1,NO,0,0,12,35
4595,22:48:40.526,20.5,1,NO,0,0,12,35
4596,22:48:40.644,8.5,1,NO,0,0,12,35
4597,22:48:40.691,21.5,1,NO,0,0,12,35
4598,22:48:40.810,8.3,1,NO,0,0,12,35
4599,22:48:40.849,25.8,1,NO,0,0,12,35
4600,22:48:40.974,8.0,1,NO,0,0,12,35
4601,22:48:41.011,26.3,1,NO,0,0,12,35
4602,22:48:41.124,8.9,1,NO,0,0,12,35
4603,22:48:41.162,26.9,1,NO,0,0,12,35
4604,22:48:41.265,9.6,1,NO,0,0,12,35
4605,22:48:41.324,17.0,1,NO,0,0,12,35
4606,22:48:41.434,9.1,1,NO,0,0,12,35
4607,22:48:41.466,30.7,1,NO,0,0,12,35
4608,22:48:41.600,7.5,1,NO,0,0,12,35
4609,22:48:41.650,19.8,1,NO,0,0,12,35
4610,22:48:41.773,8.1,1,NO,0,0,12,35
4611,22:48:41.820,21.4,1,NO,0,0,12,35
4612,22:48:41.939,8.5,1,NO,0,0,12,35
4613,22:48:41.978,25.8,1,NO,0,0,12,35
4614,22:48:42.096,8.4,1,NO,0,0,12,35
4615,22:48:42.124,36.8,1,NO,0,0,12,35
4616,22:48:42.220,10.3,1,NO,0,0,12,35
4617,22:48:42.254,29.5,1,NO,0,0,12,35
4618,22:48:42.383,7.8,1,NO,0,0,12,35
4619,22:48:42.437,18.7,1,NO,0,0,12,35
4620,22:48:42.600,6.1,1,NO,0,0,12,35
4621,22:48:42.632,31.5,1,NO,0,0,12,35
4622,22:48:42.783,6.7,1,NO,0,0,12,35
4623,22:48:42.839,17.6,1,NO,0,0,12,35
4624,22:48:42.944,9.6,1,NO,0,0,12,35
4625,22:48:42.975,31.5,1,NO,0,0,12,35
4626,22:48:43.084,9.2,1,NO,0,0,12,35
4627,22:48:43.133,20.1,1,NO,0,0,12,35
4628,22:48:43.234,9.8,1,NO,0,0,12,35
4629,22:48:43.280,22.3,1,NO,0,0,12,35
4630,22:48:43.395,8.7,2,NO,0,0,12,35
4631,22:48:43.429,29.3,2,NO,0,0,12,35
4632,22:48:43.562,7.5,2,NO,0,0,12,35
4633,22:48:43.637,13.3,2,NO,0,0,12,35
4634,22:48:43.780,7.0,2,NO,0,0,12,35
4635,22:48:43.816,27.6,2,NO,0,0,12,35
4636,22:48:43.927,9.0,2,NO,0,0,12,35
4637,22:48:43.974,21.4,2,NO,0,0,12,35
4638,22:48:44.089,8.7,2,NO,0,0,12,35
4639,22:48:44.128,25.3,2,NO,0,0,12,35
4640,22:48:44.246,8.5,1,NO,0,0,12,35
4641,22:48:44.302,18.1,1,NO,0,0,12,35
4642,22:48:44.420,8.5,1,NO,0,0,12,35
4643,22:48:44.454,29.8,1,NO,0,0,12,35
4644,22:48:44.564,9.0,1,NO,0,0,12,35
4645,22:48:44.607,23.8,1,NO,0,0,12,35
4646,22:48:44.724,8.5,1,NO,0,0,12,35
4647,22:48:44.776,19.4,1,NO,0,0,12,35
4648,22:48:44.903,7.8,1,NO,0,0,12,35
4649,22:48:44.948,22.6,1,NO,0,0,12,35
4650,22:48:45.074,7.9,2,NO,0,0,12,35
4651,22:48:45.106,31.2,2,NO,0,0,12,35
4652,22:48:45.199,10.7,2,NO,0,0,12,35
4653,22:48:45.241,24.0,2,NO,0,0,12,35
4654,22:48:45.352,8.9,2,NO,0,0,12,35
4655,22:48:45.400,21.3,2,NO,0,0,12,35
4656,22:48:45.506,9.3,2,NO,0,0,12,35
4657,22:48:45.550,22.8,2,NO,0,0,12,35
4658,22:48:45.690,7.1,2,NO,0,0,12,35
4659,22:48:45.749,17.2,2,NO,0,0,12,35
4660,22:48:45.841,10.7,3,NO,0,0,12,35
4661,22:48:45.881,25.3,3,NO,0,0,12,35
4662,22:48:45.993,9.0,3,NO,0,0,12,35
4663,22:48:46.030,26.8,3,NO,0,0,12,35
4664,22:48:46.115,11.8,3,NO,0,0,12,35
4665,22:48:46.165,20.2,3,NO,0,0,12,35
4666,22:48:46.274,9.1,3,NO,0,0,12,35
4667,22:48:46.321,21.6,3,NO,0,0,12,35
4668,22:48:46.428,9.3,3,NO,0,0,12,35
4669,22:48:46.486,17.2,3,NO,0,0,12,35
4670,22:48:46.625,7.2,1,NO,0,0,12,35
4671,22:48:46.654,34.5,1,NO,0,0,12,35
4672,22:48:46.735,12.5,1,NO,0,0,12,35
4673,22:48:46.764,33.6,1,NO,0,0,12,35
4674,22:48:46.842,12.7,1,NO,0,0,12,35
4675,22:48:46.873,32.7,1,NO,0,0,12,35
4676,22:48:46.954,12.5,1,NO,0,0,12,35
4677,22:48:47.001,21.0,1,NO,0,0,12,35
4678,22:48:47.104,9.7,1,NO,0,0,12,35
4679,22:48:47.147,23.6,1,NO,0,0,12,35
4680,22:48:47.269,8.2,1,NO,0,0,12,35
4681,22:48:47.353,11.8,1,NO,0,0,12,35
4682,22:48:47.462,9.2,1,NO,0,0,12,35
4683,22:48:47.496,29.3,1,NO,0,0,12,35
4684,22:48:47.620,8.1,1,NO,0,0,12,35
4685,22:48:47.654,28.7,1,NO,0,0,12,35
4686,22:48:47.771,8.5,1,NO,0,0,12,35
4687,22:48:47.805,30.6,1,NO,0,0,12,35
4688,22:48:47.940,7.4,1,NO,0,0,12,35
4689,22:48:47.982,24.3,1,NO,0,0,12,35
4690,22:48:48.099,8.6,0,NO,0,0,12,35
4691,22:48:48.134,27.9,0,NO,0,0,12,35
4692,22:48:48.250,8.6,0,NO,0,0,12,35
4693,22:48:48.288,26.3,0,NO,0,0,12,35
4694,22:48:48.402,8.7,0,NO,0,0,12,35
4695,22:48:48.452,20.1,0,NO,0,0,12,35
4696,22:48:48.560,9.3,0,NO,0,0,12,35
4697,22:48:48.610,20.2,0,NO,0,0,12,35
4698,22:48:48.735,7.9,0,NO,0,0,12,35
4699,22:48:48.767,31.7,0,NO,0,0,12,35
4700,22:48:48.879,8.9,3,NO,0,0,12,35
4701,22:48:48.936,17.7,3,NO,0,0,12,35
4702,22:48:49.058,8.2,3,NO,0,0,12,35
4703,22:48:49.105,21.3,3,NO,0,0,12,35
4704,22:48:49.211,9.4,3,NO,0,0,12,35
4705,22:48:49.252,24.3,3,NO,0,0,12,35
4706,22:48:49.378,7.9,3,NO,0,0,12,35
4707,22:48:49.426,21.1,3,NO,0,0,12,35
4708,22:48:49.516,11.0,3,NO,0,0,12,35
4709,22:48:49.558,23.8,3,NO,0,0,12,35
4710,22:48:49.712,6.5,1,NO,0,0,12,35
4711,22:48:49.761,20.3,1,NO,0,0,12,35
4712,22:48:49.871,9.2,1,NO,0,0,12,35
4713,22:48:49.907,27.9,1,NO,0,0,12,35
4714,22:48:50.031,8.1,1,NO,0,0,12,35
4715,22:48:50.069,25.7,1,NO,0,0,12,35
4716,22:48:50.181,8.9,1,NO,0,0,12,35
4717,22:48:50.220,25.4,1,NO,0,0,12,35
4718,22:48:50.333,8.9,1,NO,0,0,12,35
4719,22:48:50.389,17.6,1,NO,0,0,12,35
4720,22:48:50.538,6.7,1,NO,0,0,12,35
4721,22:48:50.602,16.0,1,NO,0,0,12,35
4722,22:48:50.740,7.2,1,NO,0,0,12,35
4723,22:48:50.796,17.9,1,NO,0,0,12,35
4724,22:48:50.918,8.2,1,NO,0,0,12,35
4725,22:48:50.964,21.8,1,NO,0,0,12,35
4726,22:48:51.079,8.7,1,NO,0,0,12,35
4727,22:48:51.124,22.2,1,NO,0,0,12,35
4728,22:48:51.240,8.6,1,NO,0,0,12,35
4729,22:48:51.284,22.7,1,NO,0,0,12,35
4730,22:48:51.431,6.8,1,NO,0,0,12,35
4731,22:48:51.483,19.1,1,NO,0,0,12,35
4732,22:48:51.594,9.0,1,NO,0,0,12,35
4733,22:48:51.632,26.6,1,NO,0,0,12,35
4734,22:48:51.752,8.4,1,NO,0,0,12,35
4735,22:48:51.787,28.2,1,NO,0,0,12,35
4736,22:48:51.902,8.6,1,NO,0,0,12,35
4737,22:48:51.934,31.7,1,NO,0,0,12,35
4738,22:48:52.049,8.7,1,NO,0,0,12,35
4739,22:48:52.094,22.0,1,NO,0,0,12,35
4740,22:48:52.210,8.7,1,NO,0,0,12,35
4741,22:48:52.246,27.6,1,NO,0,0,12,35
4742,22:48:52.355,9.2,1,NO,0,0,12,35
4743,22:48:52.383,35.3,1,NO,0,0,12,35
4744,22:48:52.491,9.2,1,NO,0,0,12,35
4745,22:48:52.528,27.2,1,NO,0,0,12,35
4746,22:48:52.644,8.7,1,NO,0,0,12,35
4747,22:48:52.687,22.9,1,NO,0,0,12,35
4748,22:48:52.799,8.9,1,NO,0,0,12,35
4749,22:48:52.851,19.1,1,NO,0,0,12,35
4750,22:48:52.980,7.8,2,NO,0,0,12,35
4751,22:48:53.030,20.3,2,NO,0,0,12,35
4752,22:48:53.129,10.0,2,NO,0,0,12,35
4753,22:48:53.167,26.5,2,NO,0,0,12,35
4754,22:48:53.274,9.3,2,NO,0,0,12,35
4755,22:48:53.343,14.7,2,NO,0,0,12,35
4756,22:48:53.445,9.7,2,NO,0,0,12,35
4757,22:48:53.513,14.7,2,NO,0,0,12,35
4758,22:48:53.629,8.7,2,NO,0,0,12,35
4759,22:48:53.667,26.2,2,NO,0,0,12,35
4760,22:48:53.793,7.9,1,NO,0,0,12,35
4761,22:48:53.843,20.5,1,NO,0,0,12,35
4762,22:48:53.950,9.2,1,NO,0,0,12,35
4763,22:48:54.007,17.7,1,NO,0,0,12,35
4764,22:48:54.101,10.6,1,NO,0,0,12,35
4765,22:48:54.135,29.5,1,NO,0,0,12,35
4766,22:48:54.249,8.8,1,NO,0,0,12,35
4767,22:48:54.297,20.5,1,NO,0,0,12,35
4768,22:48:54.422,8.0,1,NO,0,0,12,35
4769,22:48:54.454,31.0,1,NO,0,0,12,35
4770,22:48:54.565,9.0,2,NO,0,0,12,35
4771,22:48:54.596,32.3,2,NO,0,0,12,35
4772,22:48:54.704,9.3,2,NO,0,0,12,35
4773,22:48:54.742,26.3,2,NO,0,0,12,35
4774,22:48:54.865,8.2,2,NO,0,0,12,35
4775,22:48:54.909,22.5,2,NO,0,0,12,35
4776,22:48:55.013,9.6,2,NO,0,0,12,35
4777,22:48:55.060,21.4,2,NO,0,0,12,35
4778,22:48:55.172,8.9,2,NO,0,0,12,35
4779,22:48:55.210,26.7,2,NO,0,0,12,35
4780,22:48:55.316,9.4,1,NO,0,0,12,35
4781,22:48:55.351,28.7,1,NO,0,0,12,35
4782,22:48:55.459,9.3,1,NO,0,0,12,35
4783,22:48:55.489,32.8,1,NO,0,0,12,35
4784,22:48:55.587,10.3,1,NO,0,0,12,35
4785,22:48:55.621,29.0,1,NO,0,0,12,35
4786,22:48:55.744,8.1,1,NO,0,0,12,35
4787,22:48:55.811,15.0,1,NO,0,0,12,35
4788,22:48:55.922,9.0,1,NO,0,0,12,35
4789,22:48:55.954,31.5,1,NO,0,0,12,35
4790,22:48:56.049,10.5,3,NO,0,0,12,35
4791,22:48:56.082,30.9,3,NO,0,0,12,35
4792,22:48:56.182,9.9,3,NO,0,0,12,35
4793,22:48:56.229,21.4,3,NO,0,0,12,35
4794,22:48:56.325,10.3,3,NO,0,0,12,35
4795,22:48:56.362,27.7,3,NO,0,0,12,35
4796,22:48:56.455,10.7,3,NO,0,0,12,35
4797,22:48:56.485,34.6,3,NO,0,0,12,35
4798,22:48:56.591,9.4,3,NO,0,0,12,35
4799,22:48:56.642,19.6,3,NO,0,0,12,35
4800,22:48:56.757,8.7,0,NO,0,0,12,35
